No.,Date,Time,Header,Data,Unit
1,2024/12/5,14:06:07,ST,+0000.000,g
2,2024/12/5,14:06:08,ST,+0000.000,g
3,2024/12/5,14:06:10,ST,+0000.000,g
4,2024/12/5,14:06:11,ST,+0000.000,g
5,2024/12/5,14:06:12,ST,+0000.000,g
6,2024/12/5,14:06:13,ST,+0000.000,g
7,2024/12/5,14:06:14,ST,+0000.000,g
8,2024/12/5,14:06:15,ST,+0000.000,g
9,2024/12/5,14:06:16,ST,+0000.000,g
10,2024/12/5,14:06:17,ST,+0000.000,g
11,2024/12/5,14:06:18,ST,+0000.000,g
12,2024/12/5,14:06:19,ST,+0000.000,g
13,2024/12/5,14:06:20,ST,+0000.000,g
14,2024/12/5,14:06:21,ST,+0000.000,g
15,2024/12/5,14:06:22,ST,+0000.000,g
16,2024/12/5,14:06:23,ST,+0000.000,g
17,2024/12/5,14:06:24,ST,+0000.000,g
18,2024/12/5,14:06:25,ST,+0000.000,g
19,2024/12/5,14:06:26,ST,+0000.000,g
20,2024/12/5,14:06:27,ST,+0000.000,g
21,2024/12/5,14:06:28,ST,+0000.000,g
22,2024/12/5,14:06:29,ST,+0000.000,g
23,2024/12/5,14:06:30,ST,+0000.000,g
24,2024/12/5,14:06:31,ST,+0000.000,g
25,2024/12/5,14:06:32,ST,+0000.000,g
26,2024/12/5,14:06:33,ST,+0000.000,g
27,2024/12/5,14:06:34,ST,+0000.000,g
28,2024/12/5,14:06:35,ST,+0000.000,g
29,2024/12/5,14:06:36,ST,+0000.000,g
30,2024/12/5,14:06:37,ST,+0000.000,g
31,2024/12/5,14:06:38,US,+0000.017,g
32,2024/12/5,14:06:39,US,+0000.336,g
33,2024/12/5,14:06:40,US,+0001.330,g
34,2024/12/5,14:06:41,ST,+0001.302,g
35,2024/12/5,14:06:42,US,+0001.311,g
36,2024/12/5,14:06:43,US,+0001.631,g
37,2024/12/5,14:06:44,US,+0001.636,g
38,2024/12/5,14:06:45,US,+0001.983,g
39,2024/12/5,14:06:46,ST,+0002.073,g
40,2024/12/5,14:06:47,ST,+0002.073,g
41,2024/12/5,14:06:48,ST,+0002.073,g
42,2024/12/5,14:06:49,ST,+0002.073,g
43,2024/12/5,14:06:50,US,+0002.766,g
44,2024/12/5,14:06:51,ST,+0002.757,g
45,2024/12/5,14:06:52,ST,+0002.757,g
46,2024/12/5,14:06:53,ST,+0002.757,g
47,2024/12/5,14:06:54,US,+0003.538,g
48,2024/12/5,14:06:55,ST,+0003.538,g
49,2024/12/5,14:06:56,ST,+0003.538,g
50,2024/12/5,14:06:57,US,+0003.637,g
51,2024/12/5,14:06:58,ST,+0003.635,g
52,2024/12/5,14:06:59,ST,+0003.636,g
53,2024/12/5,14:07:00,ST,+0003.636,g
54,2024/12/5,14:07:01,US,+0003.796,g
55,2024/12/5,14:07:02,ST,+0004.149,g
56,2024/12/5,14:07:03,US,+0004.536,g
57,2024/12/5,14:07:04,US,+0004.592,g
58,2024/12/5,14:07:05,US,+0004.671,g
59,2024/12/5,14:07:06,US,+0004.982,g
60,2024/12/5,14:07:07,ST,+0004.981,g
61,2024/12/5,14:07:08,ST,+0004.983,g
62,2024/12/5,14:07:09,ST,+0004.983,g
63,2024/12/5,14:07:10,ST,+0004.983,g
64,2024/12/5,14:07:11,ST,+0004.982,g
65,2024/12/5,14:07:12,US,+0004.998,g
66,2024/12/5,14:07:13,US,+0005.021,g
67,2024/12/5,14:07:14,ST,+0005.032,g
68,2024/12/5,14:07:15,ST,+0005.036,g
69,2024/12/5,14:07:16,ST,+0005.035,g
70,2024/12/5,14:07:17,ST,+0005.035,g
71,2024/12/5,14:07:18,ST,+0005.035,g
72,2024/12/5,14:07:19,ST,+0005.035,g
73,2024/12/5,14:07:20,ST,+0005.035,g
74,2024/12/5,14:07:21,ST,+0005.035,g
75,2024/12/5,14:07:22,US,-0022.305,g
76,2024/12/5,14:07:23,ST,-0028.959,g
77,2024/12/5,14:07:24,ST,-0028.958,g
78,2024/12/5,14:07:25,ST,-0028.958,g
79,2024/12/5,14:07:26,ST,-0028.959,g
80,2024/12/5,14:07:27,ST,-0028.959,g
81,2024/12/5,14:07:28,ST,-0028.959,g
82,2024/12/5,14:07:29,ST,-0028.959,g
83,2024/12/5,14:07:30,ST,-0028.959,g
84,2024/12/5,14:07:31,US,-0017.500,g
85,2024/12/5,14:07:32,US,+0000.004,g
86,2024/12/5,14:07:33,ST,+0000.001,g
87,2024/12/5,14:07:34,ST,+0000.000,g
88,2024/12/5,14:07:35,ST,+0000.000,g
89,2024/12/5,14:07:36,ST,+0000.000,g
90,2024/12/5,14:07:37,ST,+0000.000,g
91,2024/12/5,14:07:38,ST,+0000.000,g
92,2024/12/5,14:07:39,ST,+0000.000,g
93,2024/12/5,14:07:40,ST,+0000.000,g
94,2024/12/5,14:07:41,ST,+0000.000,g
95,2024/12/5,14:07:42,ST,+0000.000,g
96,2024/12/5,14:07:43,US,+0000.669,g
97,2024/12/5,14:07:44,US,+0001.259,g
98,2024/12/5,14:07:45,ST,+0001.258,g
99,2024/12/5,14:07:46,ST,+0001.259,g
100,2024/12/5,14:07:47,US,+0002.472,g
101,2024/12/5,14:07:48,ST,+0002.467,g
102,2024/12/5,14:07:49,ST,+0002.468,g
103,2024/12/5,14:07:50,ST,+0002.468,g
104,2024/12/5,14:07:51,US,+0003.929,g
105,2024/12/5,14:07:52,ST,+0003.895,g
106,2024/12/5,14:07:53,ST,+0003.896,g
107,2024/12/5,14:07:54,ST,+0003.896,g
108,2024/12/5,14:07:55,ST,+0003.895,g
109,2024/12/5,14:07:56,US,+0004.062,g
110,2024/12/5,14:07:57,US,+0004.070,g
111,2024/12/5,14:07:58,US,+0004.274,g
112,2024/12/5,14:07:59,ST,+0004.275,g
113,2024/12/5,14:08:00,US,+0004.465,g
114,2024/12/5,14:08:01,US,+0004.467,g
115,2024/12/5,14:08:02,US,+0004.514,g
116,2024/12/5,14:08:03,ST,+0004.513,g
117,2024/12/5,14:08:04,ST,+0004.513,g
118,2024/12/5,14:08:05,US,+0004.671,g
119,2024/12/5,14:08:06,ST,+0004.669,g
120,2024/12/5,14:08:07,ST,+0004.669,g
121,2024/12/5,14:08:08,ST,+0004.669,g
122,2024/12/5,14:08:09,ST,+0004.668,g
123,2024/12/5,14:08:10,US,+0004.679,g
124,2024/12/5,14:08:11,US,+0004.743,g
125,2024/12/5,14:08:12,ST,+0004.745,g
126,2024/12/5,14:08:13,US,+0004.814,g
127,2024/12/5,14:08:14,ST,+0004.817,g
128,2024/12/5,14:08:15,US,+0004.822,g
129,2024/12/5,14:08:16,ST,+0004.826,g
130,2024/12/5,14:08:17,ST,+0004.825,g
131,2024/12/5,14:08:18,ST,+0004.826,g
132,2024/12/5,14:08:19,ST,+0004.826,g
133,2024/12/5,14:08:20,ST,+0004.826,g
134,2024/12/5,14:08:21,ST,+0004.826,g
135,2024/12/5,14:08:22,ST,+0004.825,g
136,2024/12/5,14:08:23,ST,+0004.825,g
137,2024/12/5,14:08:24,ST,+0004.825,g
138,2024/12/5,14:08:25,ST,+0004.826,g
139,2024/12/5,14:08:26,ST,+0004.826,g
140,2024/12/5,14:08:27,US,+0004.838,g
141,2024/12/5,14:08:28,ST,+0004.843,g
142,2024/12/5,14:08:29,ST,+0004.843,g
143,2024/12/5,14:08:30,ST,+0004.843,g
144,2024/12/5,14:08:31,ST,+0004.844,g
145,2024/12/5,14:08:32,ST,+0004.846,g
146,2024/12/5,14:08:33,US,+0004.865,g
147,2024/12/5,14:08:34,US,+0004.873,g
148,2024/12/5,14:08:35,ST,+0004.875,g
149,2024/12/5,14:08:36,US,+0004.878,g
150,2024/12/5,14:08:37,ST,+0004.880,g
151,2024/12/5,14:08:38,US,+0004.894,g
152,2024/12/5,14:08:39,US,+0004.901,g
153,2024/12/5,14:08:40,ST,+0004.901,g
154,2024/12/5,14:08:41,ST,+0004.901,g
155,2024/12/5,14:08:42,ST,+0004.902,g
156,2024/12/5,14:08:43,ST,+0004.903,g
157,2024/12/5,14:08:44,ST,+0004.905,g
158,2024/12/5,14:08:45,ST,+0004.907,g
159,2024/12/5,14:08:46,US,+0004.911,g
160,2024/12/5,14:08:47,US,+0004.914,g
161,2024/12/5,14:08:48,ST,+0004.916,g
162,2024/12/5,14:08:49,ST,+0004.918,g
163,2024/12/5,14:08:50,ST,+0004.919,g
164,2024/12/5,14:08:51,ST,+0004.919,g
165,2024/12/5,14:08:52,ST,+0004.920,g
166,2024/12/5,14:08:53,ST,+0004.919,g
167,2024/12/5,14:08:54,ST,+0004.919,g
168,2024/12/5,14:08:55,ST,+0004.918,g
169,2024/12/5,14:08:56,ST,+0004.919,g
170,2024/12/5,14:08:57,ST,+0004.919,g
171,2024/12/5,14:08:58,ST,+0004.919,g
172,2024/12/5,14:08:59,ST,+0004.919,g
173,2024/12/5,14:09:00,ST,+0004.920,g
174,2024/12/5,14:09:01,ST,+0004.920,g
175,2024/12/5,14:09:02,US,+0004.933,g
176,2024/12/5,14:09:03,ST,+0004.933,g
177,2024/12/5,14:09:04,ST,+0004.935,g
178,2024/12/5,14:09:05,ST,+0004.937,g
179,2024/12/5,14:09:06,ST,+0004.939,g
180,2024/12/5,14:09:07,ST,+0004.941,g
181,2024/12/5,14:09:08,ST,+0004.943,g
182,2024/12/5,14:09:09,ST,+0004.947,g
183,2024/12/5,14:09:10,ST,+0004.950,g
184,2024/12/5,14:09:11,ST,+0004.952,g
185,2024/12/5,14:09:12,ST,+0004.954,g
186,2024/12/5,14:09:13,US,+0004.957,g
187,2024/12/5,14:09:14,ST,+0004.957,g
188,2024/12/5,14:09:15,ST,+0004.958,g
189,2024/12/5,14:09:16,ST,+0004.958,g
190,2024/12/5,14:09:17,ST,+0004.958,g
191,2024/12/5,14:09:18,ST,+0004.958,g
192,2024/12/5,14:09:19,ST,+0004.958,g
193,2024/12/5,14:09:20,ST,+0004.959,g
194,2024/12/5,14:09:21,ST,+0004.959,g
195,2024/12/5,14:09:22,US,+0004.967,g
196,2024/12/5,14:09:23,ST,+0004.968,g
197,2024/12/5,14:09:24,ST,+0004.968,g
198,2024/12/5,14:09:25,ST,+0004.970,g
199,2024/12/5,14:09:26,ST,+0004.971,g
200,2024/12/5,14:09:27,ST,+0004.972,g
201,2024/12/5,14:09:28,ST,+0004.974,g
202,2024/12/5,14:09:29,ST,+0004.976,g
203,2024/12/5,14:09:30,ST,+0004.978,g
204,2024/12/5,14:09:31,ST,+0004.979,g
205,2024/12/5,14:09:32,ST,+0004.981,g
206,2024/12/5,14:09:33,ST,+0004.981,g
207,2024/12/5,14:09:34,ST,+0004.982,g
208,2024/12/5,14:09:35,ST,+0004.982,g
209,2024/12/5,14:09:36,ST,+0004.982,g
210,2024/12/5,14:09:37,ST,+0004.982,g
211,2024/12/5,14:09:38,ST,+0004.982,g
212,2024/12/5,14:09:39,ST,+0004.982,g
213,2024/12/5,14:09:40,ST,+0004.982,g
214,2024/12/5,14:09:41,ST,+0004.983,g
215,2024/12/5,14:09:42,ST,+0004.984,g
216,2024/12/5,14:09:43,ST,+0004.984,g
217,2024/12/5,14:09:44,ST,+0004.986,g
218,2024/12/5,14:09:45,ST,+0004.986,g
219,2024/12/5,14:09:46,ST,+0004.987,g
220,2024/12/5,14:09:47,ST,+0004.989,g
221,2024/12/5,14:09:48,ST,+0004.991,g
222,2024/12/5,14:09:49,ST,+0004.993,g
223,2024/12/5,14:09:50,ST,+0004.995,g
224,2024/12/5,14:09:51,ST,+0004.997,g
225,2024/12/5,14:09:52,ST,+0004.999,g
226,2024/12/5,14:09:53,ST,+0004.999,g
227,2024/12/5,14:09:54,ST,+0005.000,g
228,2024/12/5,14:09:55,ST,+0005.000,g
229,2024/12/5,14:09:56,ST,+0004.999,g
230,2024/12/5,14:09:57,ST,+0004.999,g
231,2024/12/5,14:09:58,ST,+0004.999,g
232,2024/12/5,14:09:59,ST,+0004.999,g
233,2024/12/5,14:10:00,ST,+0005.000,g
234,2024/12/5,14:10:01,ST,+0005.000,g
235,2024/12/5,14:10:02,US,-0028.929,g
236,2024/12/5,14:10:03,ST,-0028.963,g
237,2024/12/5,14:10:04,ST,-0028.964,g
238,2024/12/5,14:10:05,ST,-0028.963,g
239,2024/12/5,14:10:06,ST,-0028.964,g
240,2024/12/5,14:10:07,ST,-0028.964,g
241,2024/12/5,14:10:08,ST,-0028.964,g
242,2024/12/5,14:10:09,ST,-0028.964,g
243,2024/12/5,14:10:10,ST,-0028.964,g
244,2024/12/5,14:10:11,ST,-0028.964,g
245,2024/12/5,14:10:12,ST,-0028.964,g
246,2024/12/5,14:10:13,ST,-0028.964,g
247,2024/12/5,14:10:14,ST,-0028.964,g
248,2024/12/5,14:10:15,ST,-0028.964,g
249,2024/12/5,14:10:16,ST,-0028.964,g
250,2024/12/5,14:10:17,ST,-0028.964,g
251,2024/12/5,14:10:18,ST,-0028.964,g
252,2024/12/5,14:10:19,ST,-0028.964,g
253,2024/12/5,14:10:20,ST,-0028.964,g
254,2024/12/5,14:10:21,ST,-0028.964,g
255,2024/12/5,14:10:22,US,-0028.979,g
256,2024/12/5,14:10:23,US,-0000.186,g
257,2024/12/5,14:10:24,ST,+0000.001,g
258,2024/12/5,14:10:25,US,+0002.473,g
259,2024/12/5,14:10:26,US,-0000.001,g
260,2024/12/5,14:10:27,ST,+0000.000,g
261,2024/12/5,14:10:28,ST,+0000.000,g
262,2024/12/5,14:10:29,ST,+0000.000,g
263,2024/12/5,14:10:30,ST,+0000.000,g
264,2024/12/5,14:10:31,ST,-0000.001,g
265,2024/12/5,14:10:32,ST,+0000.000,g
266,2024/12/5,14:10:33,ST,-0000.001,g
267,2024/12/5,14:10:34,ST,-0000.001,g
268,2024/12/5,14:10:35,ST,-0000.001,g
269,2024/12/5,14:10:36,ST,+0000.000,g
270,2024/12/5,14:10:37,US,+0002.125,g
271,2024/12/5,14:10:38,ST,+0002.128,g
272,2024/12/5,14:10:39,ST,+0002.128,g
273,2024/12/5,14:10:40,ST,+0002.128,g
274,2024/12/5,14:10:41,US,+0002.587,g
275,2024/12/5,14:10:42,ST,+0002.588,g
276,2024/12/5,14:10:43,ST,+0002.588,g
277,2024/12/5,14:10:44,ST,+0002.587,g
278,2024/12/5,14:10:45,ST,+0002.587,g
279,2024/12/5,14:10:46,US,+0003.307,g
280,2024/12/5,14:10:47,ST,+0003.301,g
281,2024/12/5,14:10:48,US,+0003.473,g
282,2024/12/5,14:10:49,US,+0003.475,g
283,2024/12/5,14:10:50,ST,+0003.477,g
284,2024/12/5,14:10:51,ST,+0003.477,g
285,2024/12/5,14:10:52,US,+0003.597,g
286,2024/12/5,14:10:53,ST,+0003.800,g
287,2024/12/5,14:10:54,ST,+0003.802,g
288,2024/12/5,14:10:55,ST,+0003.801,g
289,2024/12/5,14:10:56,US,+0003.856,g
290,2024/12/5,14:10:57,US,+0003.935,g
291,2024/12/5,14:10:58,ST,+0003.934,g
292,2024/12/5,14:10:59,ST,+0003.935,g
293,2024/12/5,14:11:00,ST,+0003.935,g
294,2024/12/5,14:11:01,ST,+0003.934,g
295,2024/12/5,14:11:02,US,+0004.003,g
296,2024/12/5,14:11:03,ST,+0004.182,g
297,2024/12/5,14:11:04,US,+0004.244,g
298,2024/12/5,14:11:05,US,+0004.320,g
299,2024/12/5,14:11:06,US,+0004.414,g
300,2024/12/5,14:11:07,US,+0004.471,g
301,2024/12/5,14:11:08,US,+0004.514,g
302,2024/12/5,14:11:09,ST,+0004.515,g
303,2024/12/5,14:11:10,ST,+0004.514,g
304,2024/12/5,14:11:11,ST,+0004.513,g
305,2024/12/5,14:11:12,US,+0004.539,g
306,2024/12/5,14:11:13,US,+0004.590,g
307,2024/12/5,14:11:14,US,+0004.616,g
308,2024/12/5,14:11:15,US,+0004.689,g
309,2024/12/5,14:11:16,ST,+0004.697,g
310,2024/12/5,14:11:17,US,+0004.743,g
311,2024/12/5,14:11:18,ST,+0004.745,g
312,2024/12/5,14:11:19,ST,+0004.745,g
313,2024/12/5,14:11:20,ST,+0004.745,g
314,2024/12/5,14:11:21,ST,+0004.744,g
315,2024/12/5,14:11:22,ST,+0004.744,g
316,2024/12/5,14:11:23,ST,+0004.744,g
317,2024/12/5,14:11:24,ST,+0004.744,g
318,2024/12/5,14:11:25,ST,+0004.744,g
319,2024/12/5,14:11:26,ST,+0004.744,g
320,2024/12/5,14:11:27,ST,+0004.744,g
321,2024/12/5,14:11:28,ST,+0004.744,g
322,2024/12/5,14:11:29,ST,+0004.744,g
323,2024/12/5,14:11:30,ST,+0004.745,g
324,2024/12/5,14:11:31,ST,+0004.745,g
325,2024/12/5,14:11:32,US,+0004.760,g
326,2024/12/5,14:11:33,US,+0004.768,g
327,2024/12/5,14:11:34,US,+0004.776,g
328,2024/12/5,14:11:35,US,+0004.815,g
329,2024/12/5,14:11:36,US,+0004.824,g
330,2024/12/5,14:11:37,US,+0004.841,g
331,2024/12/5,14:11:38,US,+0004.856,g
332,2024/12/5,14:11:39,US,+0004.861,g
333,2024/12/5,14:11:40,US,+0004.876,g
334,2024/12/5,14:11:41,US,+0004.884,g
335,2024/12/5,14:11:42,US,+0004.890,g
336,2024/12/5,14:11:43,US,+0004.907,g
337,2024/12/5,14:11:44,US,+0004.918,g
338,2024/12/5,14:11:45,ST,+0004.921,g
339,2024/12/5,14:11:46,ST,+0004.922,g
340,2024/12/5,14:11:47,US,+0004.931,g
341,2024/12/5,14:11:48,US,+0004.946,g
342,2024/12/5,14:11:49,ST,+0004.955,g
343,2024/12/5,14:11:50,US,+0004.967,g
344,2024/12/5,14:11:51,ST,+0004.973,g
345,2024/12/5,14:11:52,ST,+0004.973,g
346,2024/12/5,14:11:53,ST,+0004.974,g
347,2024/12/5,14:11:54,ST,+0004.977,g
348,2024/12/5,14:11:55,ST,+0004.979,g
349,2024/12/5,14:11:56,ST,+0004.981,g
350,2024/12/5,14:11:57,US,+0004.985,g
351,2024/12/5,14:11:58,US,+0004.991,g
352,2024/12/5,14:11:59,ST,+0004.994,g
353,2024/12/5,14:12:00,ST,+0004.997,g
354,2024/12/5,14:12:01,US,+0005.000,g
355,2024/12/5,14:12:02,ST,+0005.001,g
356,2024/12/5,14:12:03,ST,+0005.003,g
357,2024/12/5,14:12:04,ST,+0005.005,g
358,2024/12/5,14:12:05,ST,+0005.007,g
359,2024/12/5,14:12:06,ST,+0005.008,g
360,2024/12/5,14:12:07,ST,+0005.010,g
361,2024/12/5,14:12:08,ST,+0005.010,g
362,2024/12/5,14:12:09,ST,+0005.010,g
363,2024/12/5,14:12:10,US,-0005.206,g
364,2024/12/5,14:12:11,ST,-0028.961,g
365,2024/12/5,14:12:12,ST,-0028.961,g
366,2024/12/5,14:12:13,ST,-0028.960,g
367,2024/12/5,14:12:14,ST,-0028.960,g
368,2024/12/5,14:12:15,ST,-0028.960,g
369,2024/12/5,14:12:16,ST,-0028.960,g
370,2024/12/5,14:12:17,ST,-0028.960,g
371,2024/12/5,14:12:18,ST,-0028.959,g
372,2024/12/5,14:12:19,ST,-0028.959,g
373,2024/12/5,14:12:20,ST,-0028.959,g
374,2024/12/5,14:12:21,ST,-0028.959,g
375,2024/12/5,14:12:22,ST,-0028.959,g
376,2024/12/5,14:12:23,ST,-0028.959,g
377,2024/12/5,14:12:24,ST,-0028.959,g
378,2024/12/5,14:12:25,US,-0029.524,g
379,2024/12/5,14:12:26,US,-0014.185,g
380,2024/12/5,14:12:27,US,+0000.007,g
381,2024/12/5,14:12:28,ST,+0000.007,g
382,2024/12/5,14:12:29,ST,+0000.007,g
383,2024/12/5,14:12:30,ST,+0000.000,g
384,2024/12/5,14:12:31,ST,+0000.000,g
385,2024/12/5,14:12:32,ST,+0000.000,g
386,2024/12/5,14:12:33,ST,+0000.000,g
387,2024/12/5,14:12:34,ST,+0000.000,g
388,2024/12/5,14:12:35,ST,-0000.002,g
389,2024/12/5,14:12:36,ST,-0000.004,g
390,2024/12/5,14:12:37,US,+0001.932,g
391,2024/12/5,14:12:38,ST,+0001.908,g
392,2024/12/5,14:12:39,ST,+0001.904,g
393,2024/12/5,14:12:40,ST,+0001.905,g
394,2024/12/5,14:12:41,US,+0003.620,g
395,2024/12/5,14:12:42,ST,+0003.620,g
396,2024/12/5,14:12:43,ST,+0003.620,g
397,2024/12/5,14:12:44,ST,+0003.620,g
398,2024/12/5,14:12:45,US,+0003.903,g
399,2024/12/5,14:12:46,US,+0004.407,g
400,2024/12/5,14:12:47,ST,+0004.409,g
401,2024/12/5,14:12:48,ST,+0004.408,g
402,2024/12/5,14:12:49,ST,+0004.408,g
403,2024/12/5,14:12:50,ST,+0004.407,g
404,2024/12/5,14:12:51,US,+0004.816,g
405,2024/12/5,14:12:52,ST,+0004.816,g
406,2024/12/5,14:12:53,ST,+0004.817,g
407,2024/12/5,14:12:54,US,+0005.053,g
408,2024/12/5,14:12:55,ST,+0005.053,g
409,2024/12/5,14:12:56,ST,+0005.055,g
410,2024/12/5,14:12:57,ST,+0005.057,g
411,2024/12/5,14:12:58,ST,+0005.058,g
412,2024/12/5,14:12:59,ST,+0005.060,g
413,2024/12/5,14:13:00,US,+0004.291,g
414,2024/12/5,14:13:01,US,-0028.967,g
415,2024/12/5,14:13:02,ST,-0028.965,g
416,2024/12/5,14:13:03,ST,-0028.965,g
417,2024/12/5,14:13:04,ST,-0028.965,g
418,2024/12/5,14:13:05,ST,-0028.965,g
419,2024/12/5,14:13:06,ST,-0028.965,g
420,2024/12/5,14:13:07,US,-0028.995,g
421,2024/12/5,14:13:08,US,-0004.632,g
422,2024/12/5,14:13:09,ST,+0000.003,g
423,2024/12/5,14:13:10,ST,+0000.001,g
424,2024/12/5,14:13:11,ST,+0000.000,g
425,2024/12/5,14:13:12,ST,+0000.000,g
426,2024/12/5,14:13:13,ST,+0000.000,g
427,2024/12/5,14:13:14,ST,+0000.000,g
428,2024/12/5,14:13:15,ST,+0000.000,g
429,2024/12/5,14:13:16,ST,+0000.000,g
430,2024/12/5,14:13:18,ST,+0000.000,g
431,2024/12/5,14:13:18,US,-0000.011,g
432,2024/12/5,14:13:19,ST,-0000.009,g
433,2024/12/5,14:13:20,US,+0000.780,g
434,2024/12/5,14:13:21,US,+0001.359,g
435,2024/12/5,14:13:23,US,+0001.358,g
436,2024/12/5,14:13:23,ST,+0001.356,g
437,2024/12/5,14:13:24,US,+0001.365,g
438,2024/12/5,14:13:25,US,+0003.496,g
439,2024/12/5,14:13:26,ST,+0003.497,g
440,2024/12/5,14:13:27,ST,+0003.498,g
441,2024/12/5,14:13:28,ST,+0003.497,g
442,2024/12/5,14:13:29,ST,+0003.497,g
443,2024/12/5,14:13:30,ST,+0003.496,g
444,2024/12/5,14:13:31,US,+0004.120,g
445,2024/12/5,14:13:32,ST,+0004.119,g
446,2024/12/5,14:13:33,US,+0004.131,g
447,2024/12/5,14:13:34,US,+0004.277,g
448,2024/12/5,14:13:35,US,+0004.334,g
449,2024/12/5,14:13:36,US,+0004.434,g
450,2024/12/5,14:13:37,US,+0004.475,g
451,2024/12/5,14:13:38,US,+0004.503,g
452,2024/12/5,14:13:39,US,+0004.559,g
453,2024/12/5,14:13:40,US,+0004.593,g
454,2024/12/5,14:13:41,US,+0004.622,g
455,2024/12/5,14:13:42,US,+0004.687,g
456,2024/12/5,14:13:43,US,+0004.689,g
457,2024/12/5,14:13:44,ST,+0004.690,g
458,2024/12/5,14:13:45,ST,+0004.690,g
459,2024/12/5,14:13:46,ST,+0004.689,g
460,2024/12/5,14:13:47,ST,+0004.688,g
461,2024/12/5,14:13:48,US,+0004.727,g
462,2024/12/5,14:13:49,ST,+0004.736,g
463,2024/12/5,14:13:50,ST,+0004.738,g
464,2024/12/5,14:13:51,ST,+0004.738,g
465,2024/12/5,14:13:52,ST,+0004.739,g
466,2024/12/5,14:13:53,ST,+0004.738,g
467,2024/12/5,14:13:54,US,+0004.775,g
468,2024/12/5,14:13:55,ST,+0004.794,g
469,2024/12/5,14:13:56,ST,+0004.794,g
470,2024/12/5,14:13:57,US,+0004.854,g
471,2024/12/5,14:13:59,ST,+0004.856,g
472,2024/12/5,14:13:59,US,+0004.865,g
473,2024/12/5,14:14:00,ST,+0004.867,g
474,2024/12/5,14:14:01,ST,+0004.867,g
475,2024/12/5,14:14:02,ST,+0004.867,g
476,2024/12/5,14:14:04,ST,+0004.867,g
477,2024/12/5,14:14:04,ST,+0004.868,g
478,2024/12/5,14:14:05,ST,+0004.868,g
479,2024/12/5,14:14:06,ST,+0004.868,g
480,2024/12/5,14:14:07,ST,+0004.879,g
481,2024/12/5,14:14:08,ST,+0004.883,g
482,2024/12/5,14:14:09,ST,+0004.883,g
483,2024/12/5,14:14:10,ST,+0004.884,g
484,2024/12/5,14:14:11,ST,+0004.885,g
485,2024/12/5,14:14:12,ST,+0004.887,g
486,2024/12/5,14:14:13,ST,+0004.890,g
487,2024/12/5,14:14:14,ST,+0004.893,g
488,2024/12/5,14:14:15,ST,+0004.908,g
489,2024/12/5,14:14:16,ST,+0004.907,g
490,2024/12/5,14:14:17,ST,+0004.907,g
491,2024/12/5,14:14:18,ST,+0004.907,g
492,2024/12/5,14:14:19,ST,+0004.907,g
493,2024/12/5,14:14:20,ST,+0004.906,g
494,2024/12/5,14:14:21,ST,+0004.906,g
495,2024/12/5,14:14:22,ST,+0004.904,g
496,2024/12/5,14:14:23,ST,+0004.903,g
497,2024/12/5,14:14:24,ST,+0004.902,g
498,2024/12/5,14:14:25,ST,+0004.902,g
499,2024/12/5,14:14:26,ST,+0004.902,g
500,2024/12/5,14:14:27,ST,+0004.904,g
501,2024/12/5,14:14:28,US,+0004.907,g
502,2024/12/5,14:14:29,US,+0004.911,g
503,2024/12/5,14:14:30,US,+0004.926,g
504,2024/12/5,14:14:31,ST,+0004.927,g
505,2024/12/5,14:14:32,ST,+0004.928,g
506,2024/12/5,14:14:33,ST,+0004.929,g
507,2024/12/5,14:14:34,ST,+0004.931,g
508,2024/12/5,14:14:35,ST,+0004.933,g
509,2024/12/5,14:14:36,ST,+0004.935,g
510,2024/12/5,14:14:37,ST,+0004.938,g
511,2024/12/5,14:14:38,ST,+0004.939,g
512,2024/12/5,14:14:39,ST,+0004.941,g
513,2024/12/5,14:14:40,ST,+0004.956,g
514,2024/12/5,14:14:41,ST,+0004.958,g
515,2024/12/5,14:14:42,ST,+0004.959,g
516,2024/12/5,14:14:43,ST,+0004.959,g
517,2024/12/5,14:14:44,US,+0004.968,g
518,2024/12/5,14:14:45,ST,+0004.966,g
519,2024/12/5,14:14:46,ST,+0004.966,g
520,2024/12/5,14:14:47,ST,+0004.966,g
521,2024/12/5,14:14:48,ST,+0004.966,g
522,2024/12/5,14:14:49,ST,+0004.966,g
523,2024/12/5,14:14:50,ST,+0004.966,g
524,2024/12/5,14:14:51,ST,+0004.965,g
525,2024/12/5,14:14:52,ST,+0004.963,g
526,2024/12/5,14:14:54,US,+0004.972,g
527,2024/12/5,14:14:54,US,+0004.990,g
528,2024/12/5,14:14:55,ST,+0004.991,g
529,2024/12/5,14:14:56,ST,+0004.991,g
530,2024/12/5,14:14:57,ST,+0004.992,g
531,2024/12/5,14:14:58,ST,+0004.992,g
532,2024/12/5,14:14:59,ST,+0004.992,g
533,2024/12/5,14:15:00,ST,+0004.992,g
534,2024/12/5,14:15:01,ST,+0004.992,g
535,2024/12/5,14:15:03,ST,+0004.993,g
536,2024/12/5,14:15:03,ST,+0004.994,g
537,2024/12/5,14:15:04,ST,+0004.995,g
538,2024/12/5,14:15:05,ST,+0004.997,g
539,2024/12/5,14:15:06,ST,+0004.999,g
540,2024/12/5,14:15:07,ST,+0005.000,g
541,2024/12/5,14:15:08,ST,+0005.001,g
542,2024/12/5,14:15:09,ST,+0005.003,g
543,2024/12/5,14:15:10,ST,+0005.005,g
544,2024/12/5,14:15:11,ST,+0005.007,g
545,2024/12/5,14:15:12,ST,+0005.009,g
546,2024/12/5,14:15:13,ST,+0005.010,g
547,2024/12/5,14:15:14,US,-0028.924,g
548,2024/12/5,14:15:15,ST,-0028.969,g
549,2024/12/5,14:15:16,ST,-0028.969,g
550,2024/12/5,14:15:17,ST,-0028.969,g
551,2024/12/5,14:15:18,ST,-0028.968,g
552,2024/12/5,14:15:19,ST,-0028.968,g
553,2024/12/5,14:15:20,ST,-0028.968,g
554,2024/12/5,14:15:21,ST,-0028.968,g
555,2024/12/5,14:15:22,ST,-0028.968,g
556,2024/12/5,14:15:23,US,-0014.117,g
557,2024/12/5,14:15:24,US,+0000.003,g
558,2024/12/5,14:15:25,ST,+0000.000,g
559,2024/12/5,14:15:26,ST,+0000.000,g
560,2024/12/5,14:15:27,ST,+0000.000,g
561,2024/12/5,14:15:28,ST,+0000.000,g
562,2024/12/5,14:15:29,ST,+0000.000,g
563,2024/12/5,14:15:30,ST,+0000.000,g
564,2024/12/5,14:15:31,ST,+0000.000,g
565,2024/12/5,14:15:32,US,+0001.827,g
566,2024/12/5,14:15:33,ST,+0001.827,g
567,2024/12/5,14:15:35,ST,+0001.826,g
568,2024/12/5,14:15:35,ST,+0001.826,g
569,2024/12/5,14:15:36,US,+0002.299,g
570,2024/12/5,14:15:37,US,+0003.218,g
571,2024/12/5,14:15:38,ST,+0003.216,g
572,2024/12/5,14:15:39,ST,+0003.217,g
573,2024/12/5,14:15:40,ST,+0003.216,g
574,2024/12/5,14:15:41,US,+0003.468,g
575,2024/12/5,14:15:42,ST,+0003.745,g
576,2024/12/5,14:15:44,US,+0003.760,g
577,2024/12/5,14:15:44,ST,+0003.907,g
578,2024/12/5,14:15:45,ST,+0003.906,g
579,2024/12/5,14:15:46,ST,+0003.906,g
580,2024/12/5,14:15:47,ST,+0003.906,g
581,2024/12/5,14:15:48,US,+0004.011,g
582,2024/12/5,14:15:49,ST,+0004.109,g
583,2024/12/5,14:15:50,US,+0004.213,g
584,2024/12/5,14:15:51,ST,+0004.289,g
585,2024/12/5,14:15:53,ST,+0004.291,g
586,2024/12/5,14:15:53,US,+0004.488,g
587,2024/12/5,14:15:54,ST,+0004.489,g
588,2024/12/5,14:15:55,US,+0004.485,g
589,2024/12/5,14:15:56,US,+0004.672,g
590,2024/12/5,14:15:57,US,+0004.678,g
591,2024/12/5,14:15:58,US,+0004.691,g
592,2024/12/5,14:15:59,ST,+0004.689,g
593,2024/12/5,14:16:00,ST,+0004.690,g
594,2024/12/5,14:16:02,ST,+0004.691,g
595,2024/12/5,14:16:02,ST,+0004.691,g
596,2024/12/5,14:16:03,ST,+0004.691,g
597,2024/12/5,14:16:04,ST,+0004.691,g
598,2024/12/5,14:16:05,ST,+0004.690,g
599,2024/12/5,14:16:06,US,+0004.761,g
600,2024/12/5,14:16:07,US,+0004.763,g
601,2024/12/5,14:16:08,ST,+0004.767,g
602,2024/12/5,14:16:09,US,+0004.777,g
603,2024/12/5,14:16:11,US,+0004.787,g
604,2024/12/5,14:16:11,US,+0004.800,g
605,2024/12/5,14:16:12,US,+0004.807,g
606,2024/12/5,14:16:13,ST,+0004.807,g
607,2024/12/5,14:16:14,ST,+0004.807,g
608,2024/12/5,14:16:16,ST,+0004.808,g
609,2024/12/5,14:16:16,ST,+0004.809,g
610,2024/12/5,14:16:17,US,+0004.821,g
611,2024/12/5,14:16:18,ST,+0004.825,g
612,2024/12/5,14:16:20,ST,+0004.825,g
613,2024/12/5,14:16:20,ST,+0004.825,g
614,2024/12/5,14:16:21,ST,+0004.825,g
615,2024/12/5,14:16:22,ST,+0004.824,g
616,2024/12/5,14:16:23,ST,+0004.823,g
617,2024/12/5,14:16:25,ST,+0004.821,g
618,2024/12/5,14:16:25,ST,+0004.820,g
619,2024/12/5,14:16:26,ST,+0004.820,g
620,2024/12/5,14:16:27,ST,+0004.820,g
621,2024/12/5,14:16:29,ST,+0004.821,g
622,2024/12/5,14:16:30,US,+0004.840,g
623,2024/12/5,14:16:30,US,+0004.854,g
624,2024/12/5,14:16:31,US,+0004.862,g
625,2024/12/5,14:16:33,US,+0004.883,g
626,2024/12/5,14:16:34,US,+0004.891,g
627,2024/12/5,14:16:34,US,+0004.899,g
628,2024/12/5,14:16:35,US,+0004.900,g
629,2024/12/5,14:16:36,US,+0004.907,g
630,2024/12/5,14:16:38,ST,+0004.906,g
631,2024/12/5,14:16:38,ST,+0004.906,g
632,2024/12/5,14:16:39,ST,+0004.906,g
633,2024/12/5,14:16:40,ST,+0004.906,g
634,2024/12/5,14:16:41,ST,+0004.906,g
635,2024/12/5,14:16:42,ST,+0004.907,g
636,2024/12/5,14:16:43,ST,+0004.906,g
637,2024/12/5,14:16:44,ST,+0004.906,g
638,2024/12/5,14:16:45,ST,+0004.904,g
639,2024/12/5,14:16:47,US,+0004.914,g
640,2024/12/5,14:16:48,US,+0004.924,g
641,2024/12/5,14:16:48,US,+0004.929,g
642,2024/12/5,14:16:49,US,+0004.932,g
643,2024/12/5,14:16:50,US,+0004.941,g
644,2024/12/5,14:16:52,ST,+0004.944,g
645,2024/12/5,14:16:52,US,+0004.955,g
646,2024/12/5,14:16:53,ST,+0004.957,g
647,2024/12/5,14:16:54,ST,+0004.958,g
648,2024/12/5,14:16:55,ST,+0004.958,g
649,2024/12/5,14:16:57,ST,+0004.958,g
650,2024/12/5,14:16:57,ST,+0004.959,g
651,2024/12/5,14:16:58,ST,+0004.960,g
652,2024/12/5,14:16:59,ST,+0004.961,g
653,2024/12/5,14:17:01,ST,+0004.964,g
654,2024/12/5,14:17:01,ST,+0004.966,g
655,2024/12/5,14:17:02,US,+0004.969,g
656,2024/12/5,14:17:03,ST,+0004.972,g
657,2024/12/5,14:17:04,US,+0004.976,g
658,2024/12/5,14:17:06,ST,+0004.980,g
659,2024/12/5,14:17:06,ST,+0004.983,g
660,2024/12/5,14:17:07,ST,+0004.985,g
661,2024/12/5,14:17:08,ST,+0004.986,g
662,2024/12/5,14:17:10,ST,+0004.986,g
663,2024/12/5,14:17:10,ST,+0004.986,g
664,2024/12/5,14:17:11,ST,+0004.986,g
665,2024/12/5,14:17:12,ST,+0004.986,g
666,2024/12/5,14:17:13,ST,+0004.986,g
667,2024/12/5,14:17:15,ST,+0004.986,g
668,2024/12/5,14:17:15,ST,+0004.986,g
669,2024/12/5,14:17:16,ST,+0004.985,g
670,2024/12/5,14:17:17,ST,+0004.984,g
671,2024/12/5,14:17:19,ST,+0004.983,g
672,2024/12/5,14:17:20,ST,+0004.983,g
673,2024/12/5,14:17:20,ST,+0004.984,g
674,2024/12/5,14:17:21,ST,+0004.985,g
675,2024/12/5,14:17:23,ST,+0004.986,g
676,2024/12/5,14:17:24,ST,+0004.987,g
677,2024/12/5,14:17:24,ST,+0004.988,g
678,2024/12/5,14:17:25,ST,+0004.988,g
679,2024/12/5,14:17:26,ST,+0004.989,g
680,2024/12/5,14:17:28,ST,+0004.991,g
681,2024/12/5,14:17:29,ST,+0004.991,g
682,2024/12/5,14:17:29,ST,+0004.992,g
683,2024/12/5,14:17:30,ST,+0004.992,g
684,2024/12/5,14:17:31,ST,+0004.993,g
685,2024/12/5,14:17:33,ST,+0004.994,g
686,2024/12/5,14:17:33,ST,+0004.995,g
687,2024/12/5,14:17:34,ST,+0004.995,g
688,2024/12/5,14:17:35,ST,+0004.995,g
689,2024/12/5,14:17:37,ST,+0004.996,g
690,2024/12/5,14:17:38,ST,+0004.996,g
691,2024/12/5,14:17:38,ST,+0004.996,g
692,2024/12/5,14:17:39,ST,+0004.996,g
693,2024/12/5,14:17:40,ST,+0004.997,g
694,2024/12/5,14:17:42,ST,+0004.997,g
695,2024/12/5,14:17:42,ST,+0004.997,g
696,2024/12/5,14:17:43,ST,+0004.997,g
697,2024/12/5,14:17:44,ST,+0004.998,g
698,2024/12/5,14:17:46,ST,+0004.999,g
699,2024/12/5,14:17:47,ST,+0004.999,g
700,2024/12/5,14:17:47,ST,+0005.000,g
701,2024/12/5,14:17:48,ST,+0005.000,g
702,2024/12/5,14:17:49,ST,+0005.000,g
703,2024/12/5,14:17:51,ST,+0005.008,g
704,2024/12/5,14:17:51,ST,+0005.009,g
705,2024/12/5,14:17:52,ST,+0005.009,g
706,2024/12/5,14:17:53,ST,+0005.008,g
707,2024/12/5,14:17:55,US,+0004.363,g
708,2024/12/5,14:17:56,US,-0028.970,g
709,2024/12/5,14:17:56,ST,-0028.968,g
710,2024/12/5,14:17:57,ST,-0028.967,g
711,2024/12/5,14:17:58,ST,-0028.967,g
712,2024/12/5,14:18:00,ST,-0028.967,g
713,2024/12/5,14:18:01,ST,-0028.967,g
714,2024/12/5,14:18:01,ST,-0028.967,g
715,2024/12/5,14:18:02,ST,-0028.967,g
716,2024/12/5,14:18:04,ST,-0028.967,g
717,2024/12/5,14:18:05,ST,-0028.967,g
718,2024/12/5,14:18:05,US,-0029.331,g
719,2024/12/5,14:18:06,US,-0000.156,g
720,2024/12/5,14:18:07,ST,+0000.004,g
721,2024/12/5,14:18:09,US,+0000.001,g
722,2024/12/5,14:18:10,ST,+0000.000,g
723,2024/12/5,14:18:10,ST,+0000.000,g
724,2024/12/5,14:18:11,ST,+0000.000,g
725,2024/12/5,14:18:12,ST,+0000.000,g
726,2024/12/5,14:18:14,ST,-0000.001,g
727,2024/12/5,14:18:15,ST,-0000.001,g
728,2024/12/5,14:18:15,ST,-0000.001,g
729,2024/12/5,14:18:16,US,+0001.741,g
730,2024/12/5,14:18:18,ST,+0001.738,g
731,2024/12/5,14:18:19,ST,+0001.737,g
732,2024/12/5,14:18:19,ST,+0001.736,g
733,2024/12/5,14:18:20,ST,+0001.736,g
734,2024/12/5,14:18:21,US,+0001.795,g
735,2024/12/5,14:18:23,US,+0003.966,g
736,2024/12/5,14:18:23,ST,+0003.969,g
737,2024/12/5,14:18:24,ST,+0003.973,g
738,2024/12/5,14:18:25,ST,+0003.972,g
739,2024/12/5,14:18:27,US,+0004.241,g
740,2024/12/5,14:18:28,US,+0004.547,g
741,2024/12/5,14:18:28,ST,+0004.547,g
742,2024/12/5,14:18:29,ST,+0004.547,g
743,2024/12/5,14:18:30,ST,+0004.546,g
744,2024/12/5,14:18:32,US,+0004.700,g
745,2024/12/5,14:18:32,US,+0004.829,g
746,2024/12/5,14:18:33,ST,+0004.888,g
747,2024/12/5,14:18:34,ST,+0004.889,g
748,2024/12/5,14:18:36,ST,+0004.888,g
749,2024/12/5,14:18:37,ST,+0004.887,g
750,2024/12/5,14:18:37,US,+0004.904,g
751,2024/12/5,14:18:38,US,+0004.907,g
752,2024/12/5,14:18:39,US,+0004.920,g
753,2024/12/5,14:18:41,ST,+0004.916,g
754,2024/12/5,14:18:42,ST,+0004.916,g
755,2024/12/5,14:18:42,ST,+0004.916,g
756,2024/12/5,14:18:43,ST,+0004.916,g
757,2024/12/5,14:18:44,ST,+0004.916,g
758,2024/12/5,14:18:46,US,+0004.948,g
759,2024/12/5,14:18:46,ST,+0004.946,g
760,2024/12/5,14:18:47,ST,+0004.945,g
761,2024/12/5,14:18:48,ST,+0004.946,g
762,2024/12/5,14:18:50,ST,+0004.947,g
763,2024/12/5,14:18:51,US,+0004.938,g
764,2024/12/5,14:18:51,ST,+0004.939,g
765,2024/12/5,14:18:52,US,+0004.951,g
766,2024/12/5,14:18:53,ST,+0004.968,g
767,2024/12/5,14:18:55,US,+0004.968,g
768,2024/12/5,14:18:55,US,+0004.984,g
769,2024/12/5,14:18:56,ST,+0004.985,g
770,2024/12/5,14:18:57,ST,+0004.985,g
771,2024/12/5,14:18:59,ST,+0004.984,g
772,2024/12/5,14:19:00,ST,+0005.001,g
773,2024/12/5,14:19:00,US,+0005.004,g
774,2024/12/5,14:19:01,US,+0005.011,g
775,2024/12/5,14:19:02,ST,+0005.021,g
776,2024/12/5,14:19:04,ST,+0005.021,g
777,2024/12/5,14:19:04,ST,+0005.021,g
778,2024/12/5,14:20:39,ST,+0000.000,g
779,2024/12/5,14:20:40,ST,+0000.000,g
780,2024/12/5,14:20:41,ST,+0000.000,g
781,2024/12/5,14:20:42,ST,+0000.000,g
782,2024/12/5,14:20:43,ST,+0000.000,g
783,2024/12/5,14:20:44,ST,+0000.000,g
784,2024/12/5,14:20:45,ST,+0000.000,g
785,2024/12/5,14:20:46,ST,+0000.000,g
786,2024/12/5,14:20:47,ST,+0000.000,g
787,2024/12/5,14:20:48,ST,+0000.000,g
788,2024/12/5,14:20:49,ST,+0000.000,g
789,2024/12/5,14:20:50,ST,+0000.000,g
790,2024/12/5,14:20:51,ST,+0000.000,g
791,2024/12/5,14:20:52,ST,-0000.001,g
792,2024/12/5,14:20:53,ST,-0000.001,g
793,2024/12/5,14:20:54,US,+0001.829,g
794,2024/12/5,14:20:55,ST,+0001.827,g
795,2024/12/5,14:20:56,US,+0001.836,g
796,2024/12/5,14:20:57,US,+0001.823,g
797,2024/12/5,14:20:58,US,+0003.645,g
798,2024/12/5,14:20:59,US,+0003.860,g
799,2024/12/5,14:21:00,ST,+0003.860,g
800,2024/12/5,14:21:01,US,+0003.862,g
801,2024/12/5,14:21:02,ST,+0003.862,g
802,2024/12/5,14:21:03,ST,+0003.860,g
803,2024/12/5,14:21:04,US,+0003.849,g
804,2024/12/5,14:21:05,US,+0004.294,g
805,2024/12/5,14:21:06,ST,+0004.286,g
806,2024/12/5,14:21:07,US,+0004.388,g
807,2024/12/5,14:21:08,US,+0004.719,g
808,2024/12/5,14:21:09,ST,+0004.719,g
809,2024/12/5,14:21:10,ST,+0004.721,g
810,2024/12/5,14:21:11,ST,+0004.722,g
811,2024/12/5,14:21:12,ST,+0004.722,g
812,2024/12/5,14:21:13,ST,+0004.722,g
813,2024/12/5,14:21:14,ST,+0004.721,g
814,2024/12/5,14:21:15,ST,+0004.721,g
815,2024/12/5,14:21:16,US,+0004.745,g
816,2024/12/5,14:21:17,US,+0004.796,g
817,2024/12/5,14:21:18,US,+0004.835,g
818,2024/12/5,14:21:19,ST,+0004.834,g
819,2024/12/5,14:21:20,US,+0004.849,g
820,2024/12/5,14:21:21,US,+0004.863,g
821,2024/12/5,14:21:22,US,+0004.875,g
822,2024/12/5,14:21:23,ST,+0004.881,g
823,2024/12/5,14:21:24,US,+0004.888,g
824,2024/12/5,14:21:25,ST,+0004.892,g
825,2024/12/5,14:21:26,US,+0004.909,g
826,2024/12/5,14:21:27,ST,+0004.906,g
827,2024/12/5,14:21:28,ST,+0004.907,g
828,2024/12/5,14:21:29,ST,+0004.916,g
829,2024/12/5,14:21:30,ST,+0004.917,g
830,2024/12/5,14:21:31,US,+0004.930,g
831,2024/12/5,14:21:32,ST,+0004.932,g
832,2024/12/5,14:21:33,US,+0004.958,g
833,2024/12/5,14:21:34,ST,+0004.960,g
834,2024/12/5,14:21:35,ST,+0004.959,g
835,2024/12/5,14:21:36,ST,+0004.961,g
836,2024/12/5,14:21:37,US,+0004.972,g
837,2024/12/5,14:21:38,ST,+0004.972,g
838,2024/12/5,14:21:39,US,+0004.997,g
839,2024/12/5,14:21:40,US,+0004.996,g
840,2024/12/5,14:21:41,ST,+0004.996,g
841,2024/12/5,14:21:42,ST,+0004.994,g
842,2024/12/5,14:21:43,ST,+0004.994,g
843,2024/12/5,14:21:44,ST,+0004.995,g
844,2024/12/5,14:21:45,ST,+0004.995,g
845,2024/12/5,14:21:46,ST,+0004.995,g
846,2024/12/5,14:21:47,ST,+0004.997,g
847,2024/12/5,14:21:48,ST,+0004.997,g
848,2024/12/5,14:21:49,ST,+0004.998,g
849,2024/12/5,14:21:50,US,+0005.013,g
850,2024/12/5,14:21:51,US,+0005.022,g
851,2024/12/5,14:21:52,ST,+0005.026,g
852,2024/12/5,14:21:53,ST,+0005.025,g
853,2024/12/5,14:21:54,ST,+0005.025,g
854,2024/12/5,14:21:55,ST,+0005.026,g
855,2024/12/5,14:21:56,ST,+0005.026,g
856,2024/12/5,14:21:57,ST,+0005.026,g
857,2024/12/5,14:21:58,ST,+0005.027,g
858,2024/12/5,14:21:59,ST,+0005.027,g
859,2024/12/5,14:22:00,ST,+0005.027,g
860,2024/12/5,14:22:01,US,-0028.970,g
861,2024/12/5,14:22:02,ST,-0028.971,g
862,2024/12/5,14:22:03,ST,-0028.971,g
863,2024/12/5,14:22:04,ST,-0028.971,g
864,2024/12/5,14:22:04,ST,-0028.970,g
865,2024/12/5,14:22:06,ST,-0028.971,g
866,2024/12/5,14:22:07,ST,-0028.971,g
867,2024/12/5,14:22:08,US,-0010.674,g
868,2024/12/5,14:22:09,US,+0000.001,g
869,2024/12/5,14:22:10,ST,+0000.000,g
870,2024/12/5,14:22:11,ST,+0000.000,g
871,2024/12/5,14:22:12,ST,+0000.000,g
872,2024/12/5,14:22:13,ST,+0000.000,g
873,2024/12/5,14:22:14,ST,+0000.000,g
874,2024/12/5,14:22:15,ST,+0000.000,g
875,2024/12/5,14:22:16,ST,+0000.000,g
876,2024/12/5,14:22:17,ST,+0000.000,g
877,2024/12/5,14:22:18,ST,+0000.000,g
878,2024/12/5,14:22:19,ST,+0000.000,g
879,2024/12/5,14:22:20,ST,+0000.000,g
880,2024/12/5,14:22:21,ST,+0000.000,g
881,2024/12/5,14:22:22,ST,+0000.000,g
882,2024/12/5,14:22:23,ST,+0000.000,g
883,2024/12/5,14:22:24,ST,+0000.000,g
884,2024/12/5,14:22:25,ST,+0000.000,g
885,2024/12/5,14:22:26,ST,+0000.000,g
886,2024/12/5,14:22:27,ST,+0000.000,g
887,2024/12/5,14:22:28,ST,+0000.000,g
888,2024/12/5,14:22:29,ST,-0000.001,g
889,2024/12/5,14:22:30,ST,+0000.000,g
890,2024/12/5,14:22:31,US,+0001.605,g
891,2024/12/5,14:22:32,ST,+0001.604,g
892,2024/12/5,14:22:33,ST,+0001.604,g
893,2024/12/5,14:22:34,ST,+0001.604,g
894,2024/12/5,14:22:35,ST,+0001.603,g
895,2024/12/5,14:22:36,US,+0003.315,g
896,2024/12/5,14:22:37,ST,+0003.317,g
897,2024/12/5,14:22:38,ST,+0003.317,g
898,2024/12/5,14:22:39,ST,+0003.317,g
899,2024/12/5,14:22:40,ST,+0003.317,g
900,2024/12/5,14:22:41,ST,+0003.317,g
901,2024/12/5,14:22:42,US,+0004.068,g
902,2024/12/5,14:22:43,ST,+0004.056,g
903,2024/12/5,14:22:44,US,+0004.328,g
904,2024/12/5,14:22:45,ST,+0004.516,g
905,2024/12/5,14:22:46,ST,+0004.517,g
906,2024/12/5,14:22:47,ST,+0004.516,g
907,2024/12/5,14:22:48,ST,+0004.516,g
908,2024/12/5,14:22:49,ST,+0004.516,g
909,2024/12/5,14:22:50,ST,+0004.517,g
910,2024/12/5,14:22:51,ST,+0004.517,g
911,2024/12/5,14:22:52,ST,+0004.517,g
912,2024/12/5,14:22:53,US,+0004.527,g
913,2024/12/5,14:22:54,US,+0004.575,g
914,2024/12/5,14:22:55,US,+0004.585,g
915,2024/12/5,14:22:56,ST,+0004.584,g
916,2024/12/5,14:22:57,ST,+0004.585,g
917,2024/12/5,14:22:58,US,+0004.626,g
918,2024/12/5,14:22:59,US,+0004.677,g
919,2024/12/5,14:23:00,US,+0004.730,g
920,2024/12/5,14:23:01,US,+0004.772,g
921,2024/12/5,14:23:02,ST,+0004.772,g
922,2024/12/5,14:23:03,US,+0004.775,g
923,2024/12/5,14:23:04,US,+0004.793,g
924,2024/12/5,14:23:05,ST,+0004.801,g
925,2024/12/5,14:23:06,US,+0004.803,g
926,2024/12/5,14:23:07,US,+0004.815,g
927,2024/12/5,14:23:08,ST,+0004.816,g
928,2024/12/5,14:23:09,ST,+0004.819,g
929,2024/12/5,14:23:10,US,+0004.831,g
930,2024/12/5,14:23:11,ST,+0004.831,g
931,2024/12/5,14:23:12,ST,+0004.831,g
932,2024/12/5,14:23:13,US,+0004.845,g
933,2024/12/5,14:23:14,US,+0004.853,g
934,2024/12/5,14:23:15,ST,+0004.856,g
935,2024/12/5,14:23:16,US,+0004.858,g
936,2024/12/5,14:23:17,US,+0004.879,g
937,2024/12/5,14:23:18,ST,+0004.882,g
938,2024/12/5,14:23:19,ST,+0004.882,g
939,2024/12/5,14:23:20,US,+0004.896,g
940,2024/12/5,14:23:21,ST,+0004.897,g
941,2024/12/5,14:23:22,ST,+0004.898,g
942,2024/12/5,14:23:23,US,+0004.914,g
943,2024/12/5,14:23:24,ST,+0004.916,g
944,2024/12/5,14:23:25,ST,+0004.918,g
945,2024/12/5,14:23:26,US,+0004.934,g
946,2024/12/5,14:23:27,US,+0004.953,g
947,2024/12/5,14:23:28,ST,+0004.951,g
948,2024/12/5,14:23:29,ST,+0004.953,g
949,2024/12/5,14:23:30,US,+0004.968,g
950,2024/12/5,14:23:31,US,+0004.978,g
951,2024/12/5,14:23:32,ST,+0004.978,g
952,2024/12/5,14:23:33,ST,+0004.978,g
953,2024/12/5,14:23:34,US,+0004.987,g
954,2024/12/5,14:23:35,ST,+0004.990,g
955,2024/12/5,14:23:36,ST,+0004.992,g
956,2024/12/5,14:23:37,ST,+0004.994,g
957,2024/12/5,14:23:38,ST,+0004.995,g
958,2024/12/5,14:23:39,ST,+0004.996,g
959,2024/12/5,14:23:40,ST,+0004.997,g
960,2024/12/5,14:23:41,ST,+0004.998,g
961,2024/12/5,14:23:42,ST,+0004.999,g
962,2024/12/5,14:23:43,ST,+0004.999,g
963,2024/12/5,14:23:44,ST,+0004.999,g
964,2024/12/5,14:23:45,ST,+0005.000,g
965,2024/12/5,14:23:46,ST,+0005.000,g
966,2024/12/5,14:23:47,US,+0005.010,g
967,2024/12/5,14:23:48,ST,+0005.012,g
968,2024/12/5,14:23:49,ST,+0005.012,g
969,2024/12/5,14:23:50,ST,+0005.012,g
970,2024/12/5,14:23:51,ST,+0005.013,g
971,2024/12/5,14:23:52,ST,+0005.013,g
972,2024/12/5,14:23:53,ST,+0005.013,g
973,2024/12/5,14:23:54,US,-0026.811,g
974,2024/12/5,14:23:55,ST,-0028.967,g
975,2024/12/5,14:23:56,ST,-0028.966,g
976,2024/12/5,14:23:57,ST,-0028.966,g
977,2024/12/5,14:23:58,ST,-0028.966,g
978,2024/12/5,14:23:59,ST,-0028.966,g
979,2024/12/5,14:24:00,ST,-0028.967,g
980,2024/12/5,14:24:01,ST,-0028.967,g
981,2024/12/5,14:24:02,ST,-0028.967,g
982,2024/12/5,14:24:03,ST,-0028.967,g
983,2024/12/5,14:24:04,ST,-0028.967,g
984,2024/12/5,14:24:05,ST,-0028.967,g
985,2024/12/5,14:24:06,ST,-0028.967,g
986,2024/12/5,14:24:07,ST,-0028.967,g
987,2024/12/5,14:24:08,ST,-0028.968,g
988,2024/12/5,14:24:09,ST,-0028.968,g
989,2024/12/5,14:24:10,ST,-0028.968,g
990,2024/12/5,14:24:11,ST,-0028.968,g
991,2024/12/5,14:24:12,ST,-0028.967,g
992,2024/12/5,14:24:13,ST,-0028.967,g
993,2024/12/5,14:24:14,ST,-0028.967,g
994,2024/12/5,14:24:15,ST,-0028.967,g
995,2024/12/5,14:24:16,ST,-0028.967,g
996,2024/12/5,14:24:17,ST,-0028.967,g
997,2024/12/5,14:24:18,ST,-0028.967,g
998,2024/12/5,14:24:58,ST,+0000.000,g
999,2024/12/5,14:24:59,ST,+0000.000,g
1000,2024/12/5,14:25:00,ST,+0000.000,g
1001,2024/12/5,14:25:01,ST,+0000.000,g
1002,2024/12/5,14:25:02,ST,+0000.000,g
1003,2024/12/5,14:25:03,ST,-0000.001,g
1004,2024/12/5,14:25:04,ST,-0000.001,g
1005,2024/12/5,14:25:05,US,+0000.881,g
1006,2024/12/5,14:25:06,US,+0001.766,g
1007,2024/12/5,14:25:07,ST,+0001.764,g
1008,2024/12/5,14:25:08,ST,+0001.764,g
1009,2024/12/5,14:25:09,ST,+0001.764,g
1010,2024/12/5,14:25:10,US,+0003.059,g
1011,2024/12/5,14:25:11,ST,+0003.060,g
1012,2024/12/5,14:25:12,ST,+0003.059,g
1013,2024/12/5,14:25:13,US,+0003.747,g
1014,2024/12/5,14:25:14,ST,+0004.002,g
1015,2024/12/5,14:25:15,ST,+0004.000,g
1016,2024/12/5,14:25:16,ST,+0004.001,g
1017,2024/12/5,14:25:17,ST,+0004.001,g
1018,2024/12/5,14:25:18,ST,+0004.001,g
1019,2024/12/5,14:25:19,US,+0004.459,g
1020,2024/12/5,14:25:20,ST,+0004.456,g
1021,2024/12/5,14:25:21,ST,+0004.453,g
1022,2024/12/5,14:25:22,ST,+0004.453,g
1023,2024/12/5,14:25:23,ST,+0004.453,g
1024,2024/12/5,14:25:24,ST,+0004.454,g
1025,2024/12/5,14:25:25,ST,+0004.453,g
1026,2024/12/5,14:25:26,US,+0004.464,g
1027,2024/12/5,14:25:27,US,+0004.614,g
1028,2024/12/5,14:25:28,ST,+0004.632,g
1029,2024/12/5,14:25:29,ST,+0004.632,g
1030,2024/12/5,14:25:30,ST,+0004.629,g
1031,2024/12/5,14:25:31,US,+0004.660,g
1032,2024/12/5,14:25:32,ST,+0004.666,g
1033,2024/12/5,14:25:33,US,+0004.678,g
1034,2024/12/5,14:25:34,US,+0004.694,g
1035,2024/12/5,14:25:35,US,+0004.705,g
1036,2024/12/5,14:25:36,US,+0004.732,g
1037,2024/12/5,14:25:37,ST,+0004.733,g
1038,2024/12/5,14:25:38,ST,+0004.732,g
1039,2024/12/5,14:25:39,US,+0004.745,g
1040,2024/12/5,14:25:40,US,+0004.761,g
1041,2024/12/5,14:25:41,ST,+0004.763,g
1042,2024/12/5,14:25:42,US,+0004.838,g
1043,2024/12/5,14:25:43,ST,+0004.848,g
1044,2024/12/5,14:25:44,ST,+0004.849,g
1045,2024/12/5,14:25:45,ST,+0004.850,g
1046,2024/12/5,14:25:46,ST,+0004.852,g
1047,2024/12/5,14:25:47,US,+0004.867,g
1048,2024/12/5,14:25:48,US,+0004.891,g
1049,2024/12/5,14:25:49,US,+0004.918,g
1050,2024/12/5,14:25:50,US,+0004.931,g
1051,2024/12/5,14:25:51,ST,+0004.932,g
1052,2024/12/5,14:25:52,ST,+0004.932,g
1053,2024/12/5,14:25:53,ST,+0004.933,g
1054,2024/12/5,14:25:54,US,+0004.956,g
1055,2024/12/5,14:25:55,ST,+0004.957,g
1056,2024/12/5,14:25:56,ST,+0004.957,g
1057,2024/12/5,14:25:57,US,+0004.981,g
1058,2024/12/5,14:25:58,ST,+0004.981,g
1059,2024/12/5,14:25:59,ST,+0004.981,g
1060,2024/12/5,14:26:00,ST,+0004.983,g
1061,2024/12/5,14:26:01,ST,+0004.984,g
1062,2024/12/5,14:26:02,US,+0004.998,g
1063,2024/12/5,14:26:03,ST,+0004.997,g
1064,2024/12/5,14:26:04,ST,+0004.996,g
1065,2024/12/5,14:26:05,US,+0005.006,g
1066,2024/12/5,14:26:06,ST,+0005.006,g
1067,2024/12/5,14:26:07,ST,+0005.005,g
1068,2024/12/5,14:26:08,ST,+0005.006,g
1069,2024/12/5,14:26:09,ST,+0005.007,g
1070,2024/12/5,14:26:10,US,+0005.020,g
1071,2024/12/5,14:26:11,ST,+0005.020,g
1072,2024/12/5,14:26:12,ST,+0005.020,g
1073,2024/12/5,14:26:13,ST,+0005.020,g
1074,2024/12/5,14:26:14,ST,+0005.020,g
1075,2024/12/5,14:26:15,ST,+0005.020,g
1076,2024/12/5,14:26:16,US,+0004.668,g
1077,2024/12/5,14:26:17,US,-0028.973,g
1078,2024/12/5,14:26:18,ST,-0028.972,g
1079,2024/12/5,14:26:19,ST,-0028.973,g
1080,2024/12/5,14:26:20,ST,-0028.973,g
1081,2024/12/5,14:26:21,ST,-0028.972,g
1082,2024/12/5,14:26:22,ST,-0028.972,g
1083,2024/12/5,14:26:23,ST,-0028.972,g
1084,2024/12/5,14:26:24,US,-0028.981,g
1085,2024/12/5,14:26:25,US,-0010.559,g
1086,2024/12/5,14:26:26,US,-0000.001,g
1087,2024/12/5,14:26:27,ST,+0000.000,g
1088,2024/12/5,14:26:28,ST,+0000.000,g
1089,2024/12/5,14:26:29,ST,+0000.000,g
1090,2024/12/5,14:26:30,ST,+0000.000,g
1091,2024/12/5,14:26:31,ST,-0000.001,g
1092,2024/12/5,14:26:32,ST,+0000.000,g
1093,2024/12/5,14:26:33,ST,+0000.000,g
1094,2024/12/5,14:26:34,ST,+0000.000,g
1095,2024/12/5,14:26:35,ST,+0000.000,g
1096,2024/12/5,14:26:36,ST,+0000.000,g
1097,2024/12/5,14:26:37,ST,+0000.000,g
1098,2024/12/5,14:26:38,ST,+0000.000,g
1099,2024/12/5,14:26:39,ST,+0000.000,g
1100,2024/12/5,14:26:40,ST,+0000.000,g
1101,2024/12/5,14:26:41,US,+0001.896,g
1102,2024/12/5,14:26:42,ST,+0001.895,g
1103,2024/12/5,14:26:43,ST,+0001.893,g
1104,2024/12/5,14:26:44,ST,+0001.894,g
1105,2024/12/5,14:26:45,US,+0002.758,g
1106,2024/12/5,14:26:46,ST,+0002.756,g
1107,2024/12/5,14:26:47,ST,+0002.757,g
1108,2024/12/5,14:26:48,US,+0003.559,g
1109,2024/12/5,14:26:49,ST,+0004.035,g
1110,2024/12/5,14:26:50,ST,+0004.036,g
1111,2024/12/5,14:26:51,ST,+0004.034,g
1112,2024/12/5,14:26:52,ST,+0004.034,g
1113,2024/12/5,14:26:53,ST,+0004.033,g
1114,2024/12/5,14:26:54,US,+0004.461,g
1115,2024/12/5,14:26:55,ST,+0004.463,g
1116,2024/12/5,14:26:56,US,+0004.764,g
1117,2024/12/5,14:26:57,ST,+0004.763,g
1118,2024/12/5,14:26:58,ST,+0004.762,g
1119,2024/12/5,14:26:59,US,+0004.802,g
1120,2024/12/5,14:27:00,US,+0004.892,g
1121,2024/12/5,14:27:01,ST,+0004.893,g
1122,2024/12/5,14:27:02,ST,+0004.893,g
1123,2024/12/5,14:27:03,US,+0004.962,g
1124,2024/12/5,14:27:04,ST,+0004.962,g
1125,2024/12/5,14:27:05,ST,+0004.965,g
1126,2024/12/5,14:27:06,ST,+0004.966,g
1127,2024/12/5,14:27:07,ST,+0004.966,g
1128,2024/12/5,14:27:08,ST,+0004.967,g
1129,2024/12/5,14:27:09,ST,+0004.968,g
1130,2024/12/5,14:27:10,ST,+0004.968,g
1131,2024/12/5,14:27:11,ST,+0004.967,g
1132,2024/12/5,14:27:12,US,+0004.988,g
1133,2024/12/5,14:27:13,ST,+0004.989,g
1134,2024/12/5,14:27:14,ST,+0004.988,g
1135,2024/12/5,14:27:15,ST,+0004.988,g
1136,2024/12/5,14:27:16,ST,+0004.990,g
1137,2024/12/5,14:27:17,ST,+0004.992,g
1138,2024/12/5,14:27:18,ST,+0004.993,g
1139,2024/12/5,14:27:19,US,+0004.996,g
1140,2024/12/5,14:27:20,ST,+0004.998,g
1141,2024/12/5,14:27:21,ST,+0005.000,g
1142,2024/12/5,14:27:22,ST,+0005.002,g
1143,2024/12/5,14:27:23,ST,+0005.003,g
1144,2024/12/5,14:27:24,ST,+0005.003,g
1145,2024/12/5,14:27:25,ST,+0005.003,g
1146,2024/12/5,14:27:26,ST,+0005.003,g
1147,2024/12/5,14:27:27,ST,+0005.004,g
1148,2024/12/5,14:27:28,ST,+0005.004,g
1149,2024/12/5,14:27:29,ST,+0005.005,g
1150,2024/12/5,14:27:30,ST,+0005.006,g
1151,2024/12/5,14:27:31,US,-0028.968,g
1152,2024/12/5,14:27:32,ST,-0028.965,g
1153,2024/12/5,14:27:33,ST,-0028.965,g
1154,2024/12/5,14:27:34,ST,-0028.965,g
1155,2024/12/5,14:27:35,ST,-0028.965,g
1156,2024/12/5,14:27:36,ST,-0028.965,g
1157,2024/12/5,14:27:37,US,-0028.982,g
1158,2024/12/5,14:27:38,US,+0001.063,g
1159,2024/12/5,14:27:39,ST,+0000.016,g
1160,2024/12/5,14:27:40,ST,+0000.015,g
1161,2024/12/5,14:27:41,ST,+0000.015,g
1162,2024/12/5,14:27:42,ST,+0000.015,g
1163,2024/12/5,14:27:43,ST,+0000.015,g
1164,2024/12/5,14:27:45,ST,+0000.000,g
1165,2024/12/5,14:27:46,ST,+0000.000,g
1166,2024/12/5,14:27:47,ST,+0000.000,g
1167,2024/12/5,14:27:48,ST,-0000.002,g
1168,2024/12/5,14:27:49,ST,-0000.004,g
1169,2024/12/5,14:27:50,US,+0000.249,g
1170,2024/12/5,14:27:51,US,+0002.499,g
1171,2024/12/5,14:27:52,ST,+0002.499,g
1172,2024/12/5,14:27:53,ST,+0002.498,g
1173,2024/12/5,14:27:54,ST,+0002.497,g
1174,2024/12/5,14:27:55,US,+0003.305,g
1175,2024/12/5,14:27:56,US,+0003.305,g
1176,2024/12/5,14:27:57,ST,+0003.305,g
1177,2024/12/5,14:27:58,US,+0003.720,g
1178,2024/12/5,14:27:59,US,+0003.717,g
1179,2024/12/5,14:28:00,US,+0004.050,g
1180,2024/12/5,14:28:01,ST,+0004.049,g
1181,2024/12/5,14:28:02,US,+0004.276,g
1182,2024/12/5,14:28:03,US,+0004.291,g
1183,2024/12/5,14:28:04,ST,+0004.293,g
1184,2024/12/5,14:28:05,ST,+0004.292,g
1185,2024/12/5,14:28:06,ST,+0004.291,g
1186,2024/12/5,14:28:07,ST,+0004.290,g
1187,2024/12/5,14:28:08,US,+0004.339,g
1188,2024/12/5,14:28:09,US,+0004.441,g
1189,2024/12/5,14:28:10,US,+0004.539,g
1190,2024/12/5,14:28:11,US,+0004.782,g
1191,2024/12/5,14:28:12,US,+0004.789,g
1192,2024/12/5,14:28:13,ST,+0004.788,g
1193,2024/12/5,14:28:14,US,+0004.945,g
1194,2024/12/5,14:28:15,ST,+0004.943,g
1195,2024/12/5,14:28:16,US,+0004.948,g
1196,2024/12/5,14:28:17,ST,+0004.951,g
1197,2024/12/5,14:28:18,ST,+0004.949,g
1198,2024/12/5,14:28:19,ST,+0004.947,g
1199,2024/12/5,14:28:20,ST,+0004.946,g
1200,2024/12/5,14:28:21,US,+0004.961,g
1201,2024/12/5,14:28:22,US,+0005.007,g
1202,2024/12/5,14:28:23,US,+0005.009,g
1203,2024/12/5,14:28:24,US,+0005.019,g
1204,2024/12/5,14:28:25,US,+0005.023,g
1205,2024/12/5,14:28:26,US,+0005.026,g
1206,2024/12/5,14:28:27,ST,+0005.027,g
1207,2024/12/5,14:28:28,ST,+0005.027,g
1208,2024/12/5,14:28:29,ST,+0005.028,g
1209,2024/12/5,14:28:30,US,-0015.360,g
1210,2024/12/5,14:28:31,US,-0028.980,g
1211,2024/12/5,14:28:32,ST,-0028.979,g
1212,2024/12/5,14:28:33,ST,-0028.979,g
1213,2024/12/5,14:28:34,ST,-0028.979,g
1214,2024/12/5,14:28:35,ST,-0028.979,g
1215,2024/12/5,14:28:36,US,-0029.004,g
1216,2024/12/5,14:28:37,US,-0000.001,g
1217,2024/12/5,14:28:38,ST,+0000.000,g
1218,2024/12/5,14:28:39,ST,+0000.000,g
1219,2024/12/5,14:28:40,ST,+0000.000,g
1220,2024/12/5,14:28:41,ST,+0000.000,g
1221,2024/12/5,14:28:42,ST,+0000.000,g
1222,2024/12/5,14:28:43,ST,+0000.000,g
1223,2024/12/5,14:28:44,ST,+0000.000,g
1224,2024/12/5,14:28:45,ST,-0000.001,g
1225,2024/12/5,14:28:46,ST,-0000.001,g
1226,2024/12/5,14:28:47,US,+0001.200,g
1227,2024/12/5,14:28:48,ST,+0001.577,g
1228,2024/12/5,14:28:49,US,+0001.573,g
1229,2024/12/5,14:28:50,ST,+0001.573,g
1230,2024/12/5,14:28:51,US,+0002.814,g
1231,2024/12/5,14:28:52,ST,+0002.804,g
1232,2024/12/5,14:28:53,ST,+0002.805,g
1233,2024/12/5,14:28:54,US,+0003.612,g
1234,2024/12/5,14:28:55,ST,+0003.652,g
1235,2024/12/5,14:28:56,ST,+0003.652,g
1236,2024/12/5,14:28:57,ST,+0003.652,g
1237,2024/12/5,14:28:58,ST,+0003.652,g
1238,2024/12/5,14:28:59,ST,+0003.652,g
1239,2024/12/5,14:29:00,US,+0003.637,g
1240,2024/12/5,14:29:01,ST,+0003.639,g
1241,2024/12/5,14:29:02,US,+0003.940,g
1242,2024/12/5,14:29:03,US,+0004.547,g
1243,2024/12/5,14:29:04,ST,+0004.550,g
1244,2024/12/5,14:29:05,ST,+0004.551,g
1245,2024/12/5,14:29:06,ST,+0004.554,g
1246,2024/12/5,14:29:07,ST,+0004.546,g
1247,2024/12/5,14:29:08,US,+0004.575,g
1248,2024/12/5,14:29:09,US,+0004.614,g
1249,2024/12/5,14:29:10,US,+0004.641,g
1250,2024/12/5,14:29:11,US,+0004.670,g
1251,2024/12/5,14:29:12,US,+0004.703,g
1252,2024/12/5,14:29:13,US,+0004.716,g
1253,2024/12/5,14:29:14,US,+0004.767,g
1254,2024/12/5,14:29:15,US,+0004.801,g
1255,2024/12/5,14:29:16,US,+0004.813,g
1256,2024/12/5,14:29:17,US,+0004.839,g
1257,2024/12/5,14:29:18,US,+0004.868,g
1258,2024/12/5,14:29:19,ST,+0004.874,g
1259,2024/12/5,14:29:20,ST,+0004.874,g
1260,2024/12/5,14:29:21,US,+0004.902,g
1261,2024/12/5,14:29:22,US,+0004.933,g
1262,2024/12/5,14:29:23,ST,+0004.932,g
1263,2024/12/5,14:29:24,ST,+0004.933,g
1264,2024/12/5,14:29:25,US,+0004.946,g
1265,2024/12/5,14:29:26,ST,+0004.945,g
1266,2024/12/5,14:29:27,US,+0004.960,g
1267,2024/12/5,14:29:28,US,+0004.968,g
1268,2024/12/5,14:29:29,US,+0004.995,g
1269,2024/12/5,14:29:30,ST,+0004.997,g
1270,2024/12/5,14:29:31,ST,+0004.997,g
1271,2024/12/5,14:29:32,ST,+0004.997,g
1272,2024/12/5,14:29:33,ST,+0004.997,g
1273,2024/12/5,14:29:34,ST,+0004.998,g
1274,2024/12/5,14:29:35,ST,+0004.998,g
1275,2024/12/5,14:29:36,ST,+0004.999,g
1276,2024/12/5,14:29:37,ST,+0005.000,g
1277,2024/12/5,14:29:38,ST,+0005.000,g
1278,2024/12/5,14:29:39,US,+0005.010,g
1279,2024/12/5,14:29:40,ST,+0005.014,g
1280,2024/12/5,14:29:41,ST,+0005.015,g
1281,2024/12/5,14:29:42,ST,+0005.015,g
1282,2024/12/5,14:29:43,ST,+0005.015,g
1283,2024/12/5,14:29:44,ST,+0005.015,g
1284,2024/12/5,14:29:45,ST,+0005.015,g
1285,2024/12/5,14:29:46,ST,+0005.015,g
1286,2024/12/5,14:29:47,US,-0015.391,g
1287,2024/12/5,14:29:48,ST,-0028.977,g
1288,2024/12/5,14:29:49,ST,-0028.977,g
1289,2024/12/5,14:29:50,ST,-0028.977,g
1290,2024/12/5,14:29:51,ST,-0028.977,g
1291,2024/12/5,14:29:52,ST,-0028.977,g
1292,2024/12/5,14:29:53,ST,-0028.977,g
1293,2024/12/5,14:29:54,ST,-0028.977,g
1294,2024/12/5,14:29:55,ST,-0028.977,g
1295,2024/12/5,14:29:56,US,-0028.986,g
1296,2024/12/5,14:29:57,US,-0000.691,g
1297,2024/12/5,14:29:58,ST,+0000.006,g
1298,2024/12/5,14:29:59,ST,+0000.006,g
1299,2024/12/5,14:30:00,ST,+0000.007,g
1300,2024/12/5,14:30:01,ST,+0000.000,g
1301,2024/12/5,14:30:02,ST,+0000.000,g
1302,2024/12/5,14:30:03,ST,+0000.000,g
1303,2024/12/5,14:30:04,ST,-0000.001,g
1304,2024/12/5,14:30:05,ST,-0000.003,g
1305,2024/12/5,14:30:06,US,-0000.006,g
1306,2024/12/5,14:30:07,US,+0001.469,g
1307,2024/12/5,14:30:08,US,+0001.679,g
1308,2024/12/5,14:30:09,US,+0001.675,g
1309,2024/12/5,14:30:10,ST,+0001.676,g
1310,2024/12/5,14:30:11,US,+0003.410,g
1311,2024/12/5,14:30:12,US,+0003.719,g
1312,2024/12/5,14:30:13,ST,+0003.719,g
1313,2024/12/5,14:30:14,ST,+0003.719,g
1314,2024/12/5,14:30:15,US,+0003.702,g
1315,2024/12/5,14:30:16,US,+0004.404,g
1316,2024/12/5,14:30:17,ST,+0004.406,g
1317,2024/12/5,14:30:18,ST,+0004.405,g
1318,2024/12/5,14:30:19,ST,+0004.610,g
1319,2024/12/5,14:30:20,US,+0004.614,g
1320,2024/12/5,14:30:21,US,+0004.649,g
1321,2024/12/5,14:30:22,ST,+0004.646,g
1322,2024/12/5,14:30:23,ST,+0004.648,g
1323,2024/12/5,14:30:24,ST,+0004.650,g
1324,2024/12/5,14:30:25,ST,+0004.651,g
1325,2024/12/5,14:30:26,ST,+0004.650,g
1326,2024/12/5,14:30:27,ST,+0004.649,g
1327,2024/12/5,14:30:28,US,+0004.668,g
1328,2024/12/5,14:30:29,US,+0004.676,g
1329,2024/12/5,14:30:30,ST,+0004.678,g
1330,2024/12/5,14:30:31,US,+0004.721,g
1331,2024/12/5,14:30:32,ST,+0004.720,g
1332,2024/12/5,14:30:33,US,+0004.762,g
1333,2024/12/5,14:30:34,US,+0004.764,g
1334,2024/12/5,14:30:35,US,+0004.771,g
1335,2024/12/5,14:30:36,US,+0004.787,g
1336,2024/12/5,14:30:37,US,+0004.807,g
1337,2024/12/5,14:30:38,US,+0004.827,g
1338,2024/12/5,14:30:39,US,+0004.836,g
1339,2024/12/5,14:30:40,US,+0004.859,g
1340,2024/12/5,14:30:41,ST,+0004.859,g
1341,2024/12/5,14:30:42,US,+0004.876,g
1342,2024/12/5,14:30:43,US,+0004.894,g
1343,2024/12/5,14:30:44,US,+0004.912,g
1344,2024/12/5,14:30:45,US,+0004.929,g
1345,2024/12/5,14:30:46,ST,+0004.929,g
1346,2024/12/5,14:30:47,US,+0004.939,g
1347,2024/12/5,14:30:48,US,+0004.947,g
1348,2024/12/5,14:30:49,ST,+0004.948,g
1349,2024/12/5,14:30:50,ST,+0004.948,g
1350,2024/12/5,14:30:51,ST,+0004.948,g
1351,2024/12/5,14:30:52,ST,+0004.949,g
1352,2024/12/5,14:30:53,US,+0004.961,g
1353,2024/12/5,14:30:54,US,+0004.964,g
1354,2024/12/5,14:30:55,ST,+0004.966,g
1355,2024/12/5,14:30:56,US,+0004.985,g
1356,2024/12/5,14:30:57,ST,+0004.986,g
1357,2024/12/5,14:30:58,ST,+0004.985,g
1358,2024/12/5,14:30:59,US,+0005.005,g
1359,2024/12/5,14:31:00,ST,+0005.013,g
1360,2024/12/5,14:31:01,ST,+0005.014,g
1361,2024/12/5,14:31:02,US,+0005.028,g
1362,2024/12/5,14:31:03,ST,+0005.031,g
1363,2024/12/5,14:31:04,ST,+0005.030,g
1364,2024/12/5,14:31:05,ST,+0005.030,g
1365,2024/12/5,14:31:06,ST,+0005.030,g
1366,2024/12/5,14:31:07,ST,+0005.030,g
1367,2024/12/5,14:31:08,ST,+0005.030,g
1368,2024/12/5,14:31:09,ST,+0005.030,g
1369,2024/12/5,14:31:10,ST,+0005.030,g
1370,2024/12/5,14:31:11,ST,+0005.030,g
1371,2024/12/5,14:31:12,ST,+0005.031,g
1372,2024/12/5,14:31:13,US,-0028.197,g
1373,2024/12/5,14:31:14,US,-0028.984,g
1374,2024/12/5,14:31:15,ST,-0028.985,g
1375,2024/12/5,14:31:16,ST,-0028.984,g
1376,2024/12/5,14:31:17,ST,-0028.984,g
1377,2024/12/5,14:31:18,US,-0029.198,g
1378,2024/12/5,14:31:19,US,-0000.001,g
1379,2024/12/5,14:31:20,ST,+0000.000,g
1380,2024/12/5,14:31:21,ST,+0000.000,g
1381,2024/12/5,14:31:22,ST,+0000.000,g
1382,2024/12/5,14:31:23,ST,+0000.000,g
1383,2024/12/5,14:31:24,ST,+0000.000,g
1384,2024/12/5,14:31:25,ST,+0000.000,g
1385,2024/12/5,14:31:26,ST,-0000.001,g
1386,2024/12/5,14:31:27,US,-0000.017,g
1387,2024/12/5,14:31:28,ST,-0000.013,g
1388,2024/12/5,14:31:29,ST,-0000.014,g
1389,2024/12/5,14:31:30,US,+0001.616,g
1390,2024/12/5,14:31:31,US,+0001.610,g
1391,2024/12/5,14:31:32,ST,+0001.609,g
1392,2024/12/5,14:31:33,US,+0003.602,g
1393,2024/12/5,14:31:34,ST,+0003.562,g
1394,2024/12/5,14:31:35,ST,+0003.558,g
1395,2024/12/5,14:31:36,US,+0003.596,g
1396,2024/12/5,14:31:37,US,+0004.216,g
1397,2024/12/5,14:31:38,ST,+0004.218,g
1398,2024/12/5,14:31:39,ST,+0004.219,g
1399,2024/12/5,14:31:40,US,+0004.506,g
1400,2024/12/5,14:31:41,US,+0004.508,g
1401,2024/12/5,14:31:42,US,+0004.560,g
1402,2024/12/5,14:31:43,ST,+0004.564,g
1403,2024/12/5,14:31:44,ST,+0004.562,g
1404,2024/12/5,14:31:45,ST,+0004.563,g
1405,2024/12/5,14:31:46,ST,+0004.573,g
1406,2024/12/5,14:31:47,US,+0004.570,g
1407,2024/12/5,14:31:48,ST,+0004.569,g
1408,2024/12/5,14:31:49,US,+0004.611,g
1409,2024/12/5,14:31:50,US,+0004.648,g
1410,2024/12/5,14:31:51,ST,+0004.684,g
1411,2024/12/5,14:31:52,US,+0004.684,g
1412,2024/12/5,14:31:53,US,+0004.705,g
1413,2024/12/5,14:31:54,US,+0004.716,g
1414,2024/12/5,14:31:55,ST,+0004.719,g
1415,2024/12/5,14:31:56,US,+0004.730,g
1416,2024/12/5,14:31:57,US,+0004.769,g
1417,2024/12/5,14:31:58,US,+0004.813,g
1418,2024/12/5,14:31:59,ST,+0004.824,g
1419,2024/12/5,14:32:00,US,+0004.845,g
1420,2024/12/5,14:32:01,US,+0004.856,g
1421,2024/12/5,14:32:02,ST,+0004.856,g
1422,2024/12/5,14:32:03,US,+0004.869,g
1423,2024/12/5,14:32:04,ST,+0004.870,g
1424,2024/12/5,14:32:05,ST,+0004.870,g
1425,2024/12/5,14:32:06,US,+0004.893,g
1426,2024/12/5,14:32:07,US,+0004.900,g
1427,2024/12/5,14:32:08,ST,+0004.903,g
1428,2024/12/5,14:32:09,ST,+0004.904,g
1429,2024/12/5,14:32:10,US,+0004.916,g
1430,2024/12/5,14:32:11,ST,+0004.918,g
1431,2024/12/5,14:32:12,US,+0004.921,g
1432,2024/12/5,14:32:13,ST,+0004.922,g
1433,2024/12/5,14:32:14,ST,+0004.924,g
1434,2024/12/5,14:32:15,US,+0004.946,g
1435,2024/12/5,14:32:16,US,+0004.962,g
1436,2024/12/5,14:32:17,US,+0004.969,g
1437,2024/12/5,14:32:18,ST,+0004.981,g
1438,2024/12/5,14:32:19,ST,+0004.982,g
1439,2024/12/5,14:32:20,ST,+0004.981,g
1440,2024/12/5,14:32:21,ST,+0004.979,g
1441,2024/12/5,14:32:22,ST,+0004.980,g
1442,2024/12/5,14:32:23,ST,+0004.980,g
1443,2024/12/5,14:32:24,ST,+0004.980,g
1444,2024/12/5,14:32:25,ST,+0004.981,g
1445,2024/12/5,14:32:26,ST,+0004.981,g
1446,2024/12/5,14:32:27,ST,+0004.981,g
1447,2024/12/5,14:32:28,US,+0004.974,g
1448,2024/12/5,14:32:29,ST,+0004.986,g
1449,2024/12/5,14:32:30,US,+0004.982,g
1450,2024/12/5,14:32:31,ST,+0004.981,g
1451,2024/12/5,14:32:32,US,+0004.989,g
1452,2024/12/5,14:32:33,US,+0004.996,g
1453,2024/12/5,14:32:34,US,+0005.036,g
1454,2024/12/5,14:32:35,US,+0005.047,g
1455,2024/12/5,14:35:16,ST,+0000.000,g
1456,2024/12/5,14:35:17,ST,+0000.000,g
1457,2024/12/5,14:35:18,ST,+0000.000,g
1458,2024/12/5,14:35:18,ST,-0000.001,g
1459,2024/12/5,14:35:19,ST,-0000.001,g
1460,2024/12/5,14:35:21,ST,-0000.002,g
1461,2024/12/5,14:35:22,ST,-0000.004,g
1462,2024/12/5,14:35:23,US,+0001.975,g
1463,2024/12/5,14:35:24,US,+0001.943,g
1464,2024/12/5,14:35:24,ST,+0001.940,g
1465,2024/12/5,14:35:26,ST,+0001.941,g
1466,2024/12/5,14:35:27,US,+0003.471,g
1467,2024/12/5,14:35:28,ST,+0003.466,g
1468,2024/12/5,14:35:28,ST,+0003.465,g
1469,2024/12/5,14:35:29,ST,+0003.465,g
1470,2024/12/5,14:35:31,US,+0003.887,g
1471,2024/12/5,14:35:32,US,+0003.886,g
1472,2024/12/5,14:35:33,US,+0003.880,g
1473,2024/12/5,14:35:33,ST,+0003.882,g
1474,2024/12/5,14:35:35,US,+0003.966,g
1475,2024/12/5,14:35:36,US,+0004.200,g
1476,2024/12/5,14:35:37,ST,+0004.201,g
1477,2024/12/5,14:35:37,ST,+0004.201,g
1478,2024/12/5,14:35:38,ST,+0004.201,g
1479,2024/12/5,14:35:40,ST,+0004.202,g
1480,2024/12/5,14:35:41,ST,+0004.203,g
1481,2024/12/5,14:35:41,ST,+0004.203,g
1482,2024/12/5,14:35:42,ST,+0004.203,g
1483,2024/12/5,14:35:44,ST,+0004.203,g
1484,2024/12/5,14:35:45,ST,+0004.202,g
1485,2024/12/5,14:35:46,ST,+0004.201,g
1486,2024/12/5,14:35:46,US,+0004.226,g
1487,2024/12/5,14:35:47,US,+0004.250,g
1488,2024/12/5,14:35:49,US,+0004.278,g
1489,2024/12/5,14:35:50,US,+0004.274,g
1490,2024/12/5,14:35:51,ST,+0004.273,g
1491,2024/12/5,14:35:51,US,+0004.300,g
1492,2024/12/5,14:35:53,US,+0004.330,g
1493,2024/12/5,14:35:54,US,+0004.344,g
1494,2024/12/5,14:35:55,US,+0004.515,g
1495,2024/12/5,14:35:55,US,+0004.724,g
1496,2024/12/5,14:35:56,ST,+0004.723,g
1497,2024/12/5,14:35:58,ST,+0004.726,g
1498,2024/12/5,14:35:59,ST,+0004.727,g
1499,2024/12/5,14:36:00,ST,+0004.727,g
1500,2024/12/5,14:36:00,ST,+0004.727,g
1501,2024/12/5,14:36:02,ST,+0004.728,g
1502,2024/12/5,14:36:03,ST,+0004.728,g
1503,2024/12/5,14:36:04,ST,+0004.727,g
1504,2024/12/5,14:36:05,ST,+0004.727,g
1505,2024/12/5,14:36:05,ST,+0004.726,g
1506,2024/12/5,14:36:07,US,+0004.753,g
1507,2024/12/5,14:36:08,US,+0004.762,g
1508,2024/12/5,14:36:08,ST,+0004.762,g
1509,2024/12/5,14:36:09,ST,+0004.763,g
1510,2024/12/5,14:36:11,US,+0004.793,g
1511,2024/12/5,14:36:12,ST,+0004.795,g
1512,2024/12/5,14:36:13,ST,+0004.794,g
1513,2024/12/5,14:36:13,US,+0004.797,g
1514,2024/12/5,14:36:14,ST,+0004.799,g
1515,2024/12/5,14:36:16,ST,+0004.800,g
1516,2024/12/5,14:36:17,ST,+0004.800,g
1517,2024/12/5,14:36:18,ST,+0004.802,g
1518,2024/12/5,14:36:18,ST,+0004.803,g
1519,2024/12/5,14:36:19,US,+0004.835,g
1520,2024/12/5,14:36:21,ST,+0004.835,g
1521,2024/12/5,14:36:22,US,+0004.847,g
1522,2024/12/5,14:36:22,ST,+0004.847,g
1523,2024/12/5,14:36:23,ST,+0004.847,g
1524,2024/12/5,14:36:25,ST,+0004.847,g
1525,2024/12/5,14:36:26,ST,+0004.847,g
1526,2024/12/5,14:36:27,ST,+0004.848,g
1527,2024/12/5,14:36:27,ST,+0004.848,g
1528,2024/12/5,14:36:28,ST,+0004.847,g
1529,2024/12/5,14:36:30,ST,+0004.847,g
1530,2024/12/5,14:36:31,ST,+0004.846,g
1531,2024/12/5,14:36:32,ST,+0004.845,g
1532,2024/12/5,14:36:32,ST,+0004.844,g
1533,2024/12/5,14:36:34,US,+0004.863,g
1534,2024/12/5,14:36:35,US,+0004.884,g
1535,2024/12/5,14:36:36,US,+0004.892,g
1536,2024/12/5,14:36:36,ST,+0004.905,g
1537,2024/12/5,14:36:37,ST,+0004.908,g
1538,2024/12/5,14:36:39,ST,+0004.908,g
1539,2024/12/5,14:36:40,US,+0004.922,g
1540,2024/12/5,14:36:41,ST,+0004.924,g
1541,2024/12/5,14:36:41,ST,+0004.926,g
1542,2024/12/5,14:36:42,ST,+0004.928,g
1543,2024/12/5,14:36:44,US,+0004.942,g
1544,2024/12/5,14:36:45,US,+0004.947,g
1545,2024/12/5,14:36:45,US,+0004.954,g
1546,2024/12/5,14:36:46,ST,+0004.954,g
1547,2024/12/5,14:36:48,ST,+0004.955,g
1548,2024/12/5,14:36:49,ST,+0004.956,g
1549,2024/12/5,14:36:50,ST,+0004.968,g
1550,2024/12/5,14:36:50,ST,+0004.968,g
1551,2024/12/5,14:36:52,US,+0004.977,g
1552,2024/12/5,14:36:53,ST,+0004.980,g
1553,2024/12/5,14:36:54,US,+0004.977,g
1554,2024/12/5,14:36:55,US,+0004.982,g
1555,2024/12/5,14:36:55,ST,+0004.984,g
1556,2024/12/5,14:36:57,US,+0004.985,g
1557,2024/12/5,14:36:58,ST,+0004.993,g
1558,2024/12/5,14:36:59,ST,+0004.993,g
1559,2024/12/5,14:36:59,ST,+0004.993,g
1560,2024/12/5,14:37:00,ST,+0004.994,g
1561,2024/12/5,14:37:02,ST,+0004.996,g
1562,2024/12/5,14:37:03,ST,+0004.998,g
1563,2024/12/5,14:37:04,ST,+0004.999,g
1564,2024/12/5,14:37:04,ST,+0005.001,g
1565,2024/12/5,14:37:06,ST,+0005.002,g
1566,2024/12/5,14:37:07,ST,+0005.002,g
1567,2024/12/5,14:37:08,ST,+0005.002,g
1568,2024/12/5,14:37:08,ST,+0005.004,g
1569,2024/12/5,14:37:09,ST,+0005.005,g
1570,2024/12/5,14:37:11,ST,+0005.007,g
1571,2024/12/5,14:37:12,ST,+0005.008,g
1572,2024/12/5,14:37:13,US,-0028.908,g
1573,2024/12/5,14:37:13,ST,-0028.980,g
1574,2024/12/5,14:37:15,ST,-0028.979,g
1575,2024/12/5,14:37:16,ST,-0028.978,g
1576,2024/12/5,14:37:17,ST,-0028.978,g
1577,2024/12/5,14:37:17,ST,-0028.978,g
1578,2024/12/5,14:37:18,ST,-0028.978,g
1579,2024/12/5,14:37:20,US,+0000.025,g
1580,2024/12/5,14:37:21,ST,+0000.003,g
1581,2024/12/5,14:37:22,ST,+0000.000,g
1582,2024/12/5,14:37:22,ST,+0000.000,g
1583,2024/12/5,14:37:24,ST,+0000.000,g
1584,2024/12/5,14:37:25,ST,+0000.000,g
1585,2024/12/5,14:37:26,ST,+0000.000,g
1586,2024/12/5,14:37:27,ST,+0000.000,g
1587,2024/12/5,14:37:27,ST,+0000.000,g
1588,2024/12/5,14:37:29,ST,+0000.000,g
1589,2024/12/5,14:37:30,ST,+0000.000,g
1590,2024/12/5,14:37:31,ST,-0000.001,g
1591,2024/12/5,14:37:31,ST,-0000.001,g
1592,2024/12/5,14:37:33,US,+0001.819,g
1593,2024/12/5,14:37:34,ST,+0001.818,g
1594,2024/12/5,14:37:35,ST,+0001.817,g
1595,2024/12/5,14:37:35,US,+0002.919,g
1596,2024/12/5,14:37:36,US,+0002.906,g
1597,2024/12/5,14:37:38,ST,+0002.905,g
1598,2024/12/5,14:37:39,ST,+0002.903,g
1599,2024/12/5,14:37:40,ST,+0002.902,g
1600,2024/12/5,14:37:40,US,+0003.988,g
1601,2024/12/5,14:37:42,ST,+0004.066,g
1602,2024/12/5,14:37:43,US,+0004.306,g
1603,2024/12/5,14:37:44,US,+0004.418,g
1604,2024/12/5,14:37:44,US,+0004.430,g
1605,2024/12/5,14:37:45,ST,+0004.431,g
1606,2024/12/5,14:37:47,ST,+0004.429,g
1607,2024/12/5,14:37:48,ST,+0004.427,g
1608,2024/12/5,14:37:49,US,+0004.657,g
1609,2024/12/5,14:37:49,ST,+0004.666,g
1610,2024/12/5,14:37:51,US,+0004.955,g
1611,2024/12/5,14:37:52,ST,+0005.137,g
1612,2024/12/5,14:37:53,US,+0005.139,g
1613,2024/12/5,14:37:53,US,+0005.131,g
1614,2024/12/5,14:37:54,US,+0005.147,g
1615,2024/12/5,14:37:56,ST,+0005.149,g
1616,2024/12/5,14:37:57,ST,+0005.151,g
1617,2024/12/5,14:37:58,ST,+0005.152,g
1618,2024/12/5,14:37:58,US,-0028.981,g
1619,2024/12/5,14:37:59,US,-0028.978,g
1620,2024/12/5,14:38:01,ST,-0028.976,g
1621,2024/12/5,14:38:02,ST,-0028.975,g
1622,2024/12/5,14:38:03,ST,-0028.975,g
1623,2024/12/5,14:38:03,ST,-0028.975,g
1624,2024/12/5,14:38:05,ST,-0028.975,g
1625,2024/12/5,14:38:06,ST,-0028.975,g
1626,2024/12/5,14:38:07,US,-0029.148,g
1627,2024/12/5,14:38:07,US,-0000.651,g
1628,2024/12/5,14:38:09,ST,+0000.008,g
1629,2024/12/5,14:38:10,ST,+0000.009,g
1630,2024/12/5,14:38:11,ST,+0000.009,g
1631,2024/12/5,14:38:12,ST,+0000.008,g
1632,2024/12/5,14:38:13,ST,+0000.007,g
1633,2024/12/5,14:38:14,US,-0000.008,g
1634,2024/12/5,14:38:15,US,-0000.008,g
1635,2024/12/5,14:38:16,US,+0001.279,g
1636,2024/12/5,14:38:17,ST,+0001.258,g
1637,2024/12/5,14:38:18,ST,+0001.254,g
1638,2024/12/5,14:38:19,ST,+0001.252,g
1639,2024/12/5,14:38:20,US,+0002.282,g
1640,2024/12/5,14:38:21,ST,+0002.280,g
1641,2024/12/5,14:38:22,ST,+0002.279,g
1642,2024/12/5,14:38:23,US,+0003.435,g
1643,2024/12/5,14:38:24,US,+0003.415,g
1644,2024/12/5,14:38:25,ST,+0003.415,g
1645,2024/12/5,14:38:26,US,+0004.361,g
1646,2024/12/5,14:38:27,ST,+0004.338,g
1647,2024/12/5,14:38:28,ST,+0004.337,g
1648,2024/12/5,14:38:29,ST,+0004.336,g
1649,2024/12/5,14:38:30,ST,+0004.338,g
1650,2024/12/5,14:38:31,ST,+0004.337,g
1651,2024/12/5,14:38:32,US,+0004.364,g
1652,2024/12/5,14:38:33,US,+0004.383,g
1653,2024/12/5,14:38:34,US,+0004.441,g
1654,2024/12/5,14:38:35,US,+0004.493,g
1655,2024/12/5,14:38:36,US,+0004.538,g
1656,2024/12/5,14:38:37,US,+0004.617,g
1657,2024/12/5,14:38:38,US,+0004.712,g
1658,2024/12/5,14:38:39,US,+0004.751,g
1659,2024/12/5,14:38:40,ST,+0004.752,g
1660,2024/12/5,14:38:41,ST,+0004.752,g
1661,2024/12/5,14:38:42,US,+0004.804,g
1662,2024/12/5,14:38:43,ST,+0004.817,g
1663,2024/12/5,14:38:44,ST,+0004.818,g
1664,2024/12/5,14:38:45,US,+0004.859,g
1665,2024/12/5,14:38:46,US,+0004.865,g
1666,2024/12/5,14:38:47,US,+0004.892,g
1667,2024/12/5,14:38:48,ST,+0004.926,g
1668,2024/12/5,14:38:49,ST,+0004.926,g
1669,2024/12/5,14:38:50,ST,+0004.926,g
1670,2024/12/5,14:38:51,US,+0004.939,g
1671,2024/12/5,14:38:52,ST,+0004.940,g
1672,2024/12/5,14:38:53,US,+0004.951,g
1673,2024/12/5,14:38:54,ST,+0004.953,g
1674,2024/12/5,14:38:55,ST,+0004.952,g
1675,2024/12/5,14:38:56,ST,+0004.952,g
1676,2024/12/5,14:38:57,ST,+0004.951,g
1677,2024/12/5,14:38:58,ST,+0004.951,g
1678,2024/12/5,14:38:59,ST,+0004.951,g
1679,2024/12/5,14:39:00,ST,+0004.951,g
1680,2024/12/5,14:39:01,ST,+0004.950,g
1681,2024/12/5,14:39:02,ST,+0004.950,g
1682,2024/12/5,14:39:03,US,+0004.935,g
1683,2024/12/5,14:39:04,ST,+0004.935,g
1684,2024/12/5,14:39:05,ST,+0004.936,g
1685,2024/12/5,14:39:06,ST,+0004.938,g
1686,2024/12/5,14:39:07,ST,+0004.939,g
1687,2024/12/5,14:39:08,ST,+0004.941,g
1688,2024/12/5,14:39:09,ST,+0004.943,g
1689,2024/12/5,14:39:10,ST,+0004.945,g
1690,2024/12/5,14:39:11,ST,+0004.948,g
1691,2024/12/5,14:39:12,ST,+0004.951,g
1692,2024/12/5,14:39:13,US,+0004.955,g
1693,2024/12/5,14:39:14,ST,+0004.958,g
1694,2024/12/5,14:39:15,ST,+0004.961,g
1695,2024/12/5,14:39:16,US,+0004.965,g
1696,2024/12/5,14:39:17,ST,+0004.967,g
1697,2024/12/5,14:39:18,ST,+0004.968,g
1698,2024/12/5,14:39:19,US,+0004.979,g
1699,2024/12/5,14:39:20,ST,+0004.979,g
1700,2024/12/5,14:39:21,US,+0004.988,g
1701,2024/12/5,14:39:22,ST,+0004.989,g
1702,2024/12/5,14:39:23,ST,+0004.989,g
1703,2024/12/5,14:39:24,ST,+0004.989,g
1704,2024/12/5,14:39:25,ST,+0004.989,g
1705,2024/12/5,14:39:26,ST,+0004.989,g
1706,2024/12/5,14:39:27,US,+0006.980,g
1707,2024/12/5,14:39:28,US,+0008.643,g
1708,2024/12/5,14:39:29,US,+0009.962,g
1709,2024/12/5,14:39:30,US,+0005.008,g
1710,2024/12/5,14:39:31,ST,+0005.009,g
1711,2024/12/5,14:39:32,ST,+0005.008,g
1712,2024/12/5,14:39:33,ST,+0005.009,g
1713,2024/12/5,14:39:34,ST,+0005.009,g
1714,2024/12/5,14:39:35,ST,+0005.009,g
1715,2024/12/5,14:39:36,ST,+0005.009,g
1716,2024/12/5,14:39:37,ST,+0005.011,g
1717,2024/12/5,14:39:38,ST,+0005.012,g
1718,2024/12/5,14:39:39,ST,+0005.013,g
1719,2024/12/5,14:39:40,ST,+0005.014,g
1720,2024/12/5,14:39:41,ST,+0005.015,g
1721,2024/12/5,14:39:42,ST,+0005.015,g
1722,2024/12/5,14:39:43,ST,+0005.014,g
1723,2024/12/5,14:39:44,US,-0026.004,g
1724,2024/12/5,14:39:45,US,-0028.974,g
1725,2024/12/5,14:39:46,ST,-0028.974,g
1726,2024/12/5,14:39:47,ST,-0028.974,g
1727,2024/12/5,14:39:48,ST,-0028.974,g
1728,2024/12/5,14:39:49,ST,-0028.974,g
1729,2024/12/5,14:39:50,ST,-0028.974,g
1730,2024/12/5,14:39:51,ST,-0028.974,g
1731,2024/12/5,14:39:52,ST,-0028.974,g
1732,2024/12/5,14:39:53,ST,-0028.974,g
1733,2024/12/5,14:39:54,ST,-0028.974,g
1734,2024/12/5,14:39:55,ST,-0028.975,g
1735,2024/12/5,14:39:56,ST,-0028.975,g
1736,2024/12/5,14:39:57,ST,-0028.975,g
1737,2024/12/5,14:39:58,ST,-0028.975,g
1738,2024/12/5,14:39:59,ST,-0028.974,g
1739,2024/12/5,14:40:00,ST,-0028.974,g
1740,2024/12/5,14:40:01,ST,-0028.974,g
1741,2024/12/5,14:40:02,US,-0028.990,g
1742,2024/12/5,14:40:03,US,-0004.088,g
1743,2024/12/5,14:40:04,ST,+0000.006,g
1744,2024/12/5,14:40:05,US,+0000.001,g
1745,2024/12/5,14:40:06,ST,+0000.000,g
1746,2024/12/5,14:40:07,ST,+0000.000,g
1747,2024/12/5,14:40:08,ST,+0000.000,g
1748,2024/12/5,14:40:09,ST,+0000.000,g
1749,2024/12/5,14:40:10,ST,+0000.000,g
1750,2024/12/5,14:40:11,ST,+0000.000,g
1751,2024/12/5,14:40:12,ST,-0000.001,g
1752,2024/12/5,14:40:13,ST,-0000.001,g
1753,2024/12/5,14:40:14,ST,-0000.002,g
1754,2024/12/5,14:40:15,US,+0002.739,g
1755,2024/12/5,14:40:16,US,+0002.737,g
1756,2024/12/5,14:40:17,ST,+0002.737,g
1757,2024/12/5,14:40:18,US,+0003.703,g
1758,2024/12/5,14:40:19,ST,+0003.828,g
1759,2024/12/5,14:40:20,ST,+0003.828,g
1760,2024/12/5,14:40:21,ST,+0003.828,g
1761,2024/12/5,14:40:22,ST,+0003.826,g
1762,2024/12/5,14:40:23,US,+0004.219,g
1763,2024/12/5,14:40:24,US,+0004.319,g
1764,2024/12/5,14:40:25,ST,+0004.319,g
1765,2024/12/5,14:40:26,US,+0004.778,g
1766,2024/12/5,14:40:27,ST,+0004.771,g
1767,2024/12/5,14:40:28,ST,+0004.774,g
1768,2024/12/5,14:40:29,ST,+0004.783,g
1769,2024/12/5,14:40:30,US,+0004.779,g
1770,2024/12/5,14:40:31,US,+0004.816,g
1771,2024/12/5,14:40:32,US,+0004.829,g
1772,2024/12/5,14:40:33,ST,+0004.828,g
1773,2024/12/5,14:40:34,US,+0004.879,g
1774,2024/12/5,14:40:35,ST,+0004.881,g
1775,2024/12/5,14:40:36,ST,+0004.884,g
1776,2024/12/5,14:40:37,ST,+0004.885,g
1777,2024/12/5,14:40:38,ST,+0004.885,g
1778,2024/12/5,14:40:39,ST,+0004.886,g
1779,2024/12/5,14:40:40,US,+0004.909,g
1780,2024/12/5,14:40:41,US,+0004.919,g
1781,2024/12/5,14:40:42,US,+0004.926,g
1782,2024/12/5,14:40:43,US,+0004.942,g
1783,2024/12/5,14:40:44,US,+0004.960,g
1784,2024/12/5,14:40:45,ST,+0004.970,g
1785,2024/12/5,14:40:46,ST,+0004.970,g
1786,2024/12/5,14:40:47,US,+0004.994,g
1787,2024/12/5,14:40:48,ST,+0004.993,g
1788,2024/12/5,14:40:49,ST,+0004.993,g
1789,2024/12/5,14:40:50,ST,+0004.993,g
1790,2024/12/5,14:40:51,ST,+0004.994,g
1791,2024/12/5,14:40:52,ST,+0004.995,g
1792,2024/12/5,14:40:53,ST,+0004.995,g
1793,2024/12/5,14:40:54,ST,+0004.996,g
1794,2024/12/5,14:40:55,ST,+0004.996,g
1795,2024/12/5,14:40:56,ST,+0004.996,g
1796,2024/12/5,14:40:57,ST,+0004.997,g
1797,2024/12/5,14:40:58,ST,+0004.997,g
1798,2024/12/5,14:40:59,ST,+0004.999,g
1799,2024/12/5,14:41:00,ST,+0005.001,g
1800,2024/12/5,14:41:01,ST,+0005.002,g
1801,2024/12/5,14:41:02,ST,+0005.003,g
1802,2024/12/5,14:41:03,ST,+0005.004,g
1803,2024/12/5,14:41:04,ST,+0005.006,g
1804,2024/12/5,14:41:05,ST,+0005.018,g
1805,2024/12/5,14:41:06,ST,+0005.017,g
1806,2024/12/5,14:41:07,ST,+0005.018,g
1807,2024/12/5,14:41:08,US,-0015.188,g
1808,2024/12/5,14:41:09,US,-0028.974,g
1809,2024/12/5,14:41:10,ST,-0028.975,g
1810,2024/12/5,14:41:11,ST,-0028.976,g
1811,2024/12/5,14:41:12,ST,-0028.976,g
1812,2024/12/5,14:41:13,ST,-0028.976,g
1813,2024/12/5,14:41:14,ST,-0028.976,g
1814,2024/12/5,14:41:15,US,-0028.995,g
1815,2024/12/5,14:41:16,US,+0004.440,g
1816,2024/12/5,14:41:17,ST,+0000.008,g
1817,2024/12/5,14:41:18,ST,+0000.007,g
1818,2024/12/5,14:41:19,ST,+0000.007,g
1819,2024/12/5,14:41:20,ST,+0000.005,g
1820,2024/12/5,14:41:21,ST,+0000.003,g
1821,2024/12/5,14:41:22,ST,+0000.003,g
1822,2024/12/5,14:41:23,ST,+0000.002,g
1823,2024/12/5,14:41:24,US,+0002.275,g
1824,2024/12/5,14:41:25,ST,+0002.271,g
1825,2024/12/5,14:41:26,ST,+0002.273,g
1826,2024/12/5,14:41:27,ST,+0002.273,g
1827,2024/12/5,14:41:28,US,+0004.287,g
1828,2024/12/5,14:41:29,US,+0004.288,g
1829,2024/12/5,14:41:30,ST,+0004.290,g
1830,2024/12/5,14:41:31,US,+0004.279,g
1831,2024/12/5,14:41:32,US,+0004.637,g
1832,2024/12/5,14:41:33,ST,+0004.637,g
1833,2024/12/5,14:41:34,US,+0004.670,g
1834,2024/12/5,14:41:35,US,+0004.750,g
1835,2024/12/5,14:41:36,ST,+0004.754,g
1836,2024/12/5,14:41:37,ST,+0004.752,g
1837,2024/12/5,14:41:38,US,+0004.760,g
1838,2024/12/5,14:41:39,US,+0004.816,g
1839,2024/12/5,14:41:40,ST,+0004.815,g
1840,2024/12/5,14:41:41,ST,+0004.816,g
1841,2024/12/5,14:41:42,ST,+0004.817,g
1842,2024/12/5,14:41:43,US,+0004.807,g
1843,2024/12/5,14:41:44,US,+0004.814,g
1844,2024/12/5,14:41:45,ST,+0004.813,g
1845,2024/12/5,14:41:46,US,+0004.810,g
1846,2024/12/5,14:41:47,US,+0004.882,g
1847,2024/12/5,14:41:48,ST,+0004.882,g
1848,2024/12/5,14:41:49,ST,+0004.880,g
1849,2024/12/5,14:41:50,US,+0004.920,g
1850,2024/12/5,14:41:51,US,+0004.919,g
1851,2024/12/5,14:41:52,US,+0004.911,g
1852,2024/12/5,14:41:53,US,+0004.912,g
1853,2024/12/5,14:41:54,US,+0004.920,g
1854,2024/12/5,14:41:55,US,+0004.930,g
1855,2024/12/5,14:41:56,US,+0004.938,g
1856,2024/12/5,14:41:57,ST,+0004.944,g
1857,2024/12/5,14:41:58,US,+0004.952,g
1858,2024/12/5,14:41:59,ST,+0004.952,g
1859,2024/12/5,14:42:00,ST,+0004.951,g
1860,2024/12/5,14:42:01,US,+0004.966,g
1861,2024/12/5,14:42:02,ST,+0004.969,g
1862,2024/12/5,14:42:03,ST,+0004.968,g
1863,2024/12/5,14:42:04,ST,+0004.968,g
1864,2024/12/5,14:42:05,ST,+0004.969,g
1865,2024/12/5,14:42:06,ST,+0004.970,g
1866,2024/12/5,14:42:07,ST,+0004.971,g
1867,2024/12/5,14:42:08,ST,+0004.973,g
1868,2024/12/5,14:42:09,ST,+0004.975,g
1869,2024/12/5,14:42:10,ST,+0004.977,g
1870,2024/12/5,14:42:11,US,+0004.980,g
1871,2024/12/5,14:42:12,ST,+0004.983,g
1872,2024/12/5,14:42:13,ST,+0004.986,g
1873,2024/12/5,14:42:14,ST,+0005.004,g
1874,2024/12/5,14:42:15,ST,+0005.003,g
1875,2024/12/5,14:42:16,ST,+0005.003,g
1876,2024/12/5,14:42:17,ST,+0005.003,g
1877,2024/12/5,14:42:18,ST,+0005.003,g
1878,2024/12/5,14:42:19,ST,+0005.003,g
1879,2024/12/5,14:42:20,ST,+0005.004,g
1880,2024/12/5,14:42:21,ST,+0005.004,g
1881,2024/12/5,14:42:22,ST,+0005.005,g
1882,2024/12/5,14:42:23,ST,+0005.005,g
        
