[
    {
        "absolute_time_point":2.0786516854,
        "absolute_change":0.8725490196,
        "mean_of_mean_gradient":0.0004926073,
        "max_of_max_gradient":0.0067156614,
        "skewness":-5.2417732902,
        "kurtosis":29.5439680488,
        "mean_gradient":0.0011403953,
        "max_gradient":0.0067156614
    },
    {
        "absolute_time_point":2.0786516854,
        "absolute_change":0.8725490196,
        "mean_of_mean_gradient":0.0004926073,
        "max_of_max_gradient":0.0067156614,
        "skewness":-5.2417732902,
        "kurtosis":29.5439680488,
        "mean_gradient":0.0005874764,
        "max_gradient":0.0064622402
    },
    {
        "absolute_time_point":2.0786516854,
        "absolute_change":0.8725490196,
        "mean_of_mean_gradient":0.0004926073,
        "max_of_max_gradient":0.0067156614,
        "skewness":-5.2417732902,
        "kurtosis":29.5439680488,
        "mean_gradient":0.0,
        "max_gradient":0.0
    },
    {
        "absolute_time_point":2.0786516854,
        "absolute_change":0.8725490196,
        "mean_of_mean_gradient":0.0004926073,
        "max_of_max_gradient":0.0067156614,
        "skewness":-5.2417732902,
        "kurtosis":29.5439680488,
        "mean_gradient":0.0013797376,
        "max_gradient":0.0062088191
    },
    {
        "absolute_time_point":2.0786516854,
        "absolute_change":0.8725490196,
        "mean_of_mean_gradient":0.0004926073,
        "max_of_max_gradient":0.0067156614,
        "skewness":-5.2417732902,
        "kurtosis":29.5439680488,
        "mean_gradient":0.0,
        "max_gradient":0.0
    },
    {
        "absolute_time_point":2.0786516854,
        "absolute_change":0.8725490196,
        "mean_of_mean_gradient":0.0004926073,
        "max_of_max_gradient":0.0067156614,
        "skewness":-5.2417732902,
        "kurtosis":29.5439680488,
        "mean_gradient":0.0008025004,
        "max_gradient":0.0035478966
    },
    {
        "absolute_time_point":2.0786516854,
        "absolute_change":0.8725490196,
        "mean_of_mean_gradient":0.0004926073,
        "max_of_max_gradient":0.0067156614,
        "skewness":-5.2417732902,
        "kurtosis":29.5439680488,
        "mean_gradient":0.0,
        "max_gradient":0.0
    },
    {
        "absolute_time_point":2.0786516854,
        "absolute_change":0.8725490196,
        "mean_of_mean_gradient":0.0004926073,
        "max_of_max_gradient":0.0067156614,
        "skewness":-5.2417732902,
        "kurtosis":29.5439680488,
        "mean_gradient":0.000861632,
        "max_gradient":0.0043081602
    },
    {
        "absolute_time_point":2.0786516854,
        "absolute_change":0.8725490196,
        "mean_of_mean_gradient":0.0004926073,
        "max_of_max_gradient":0.0067156614,
        "skewness":-5.2417732902,
        "kurtosis":29.5439680488,
        "mean_gradient":0.0006154515,
        "max_gradient":0.0043081602
    },
    {
        "absolute_time_point":2.0786516854,
        "absolute_change":0.8725490196,
        "mean_of_mean_gradient":0.0004926073,
        "max_of_max_gradient":0.0067156614,
        "skewness":-5.2417732902,
        "kurtosis":29.5439680488,
        "mean_gradient":0.0004887409,
        "max_gradient":0.003421186
    },
    {
        "absolute_time_point":2.0786516854,
        "absolute_change":0.8725490196,
        "mean_of_mean_gradient":0.0004926073,
        "max_of_max_gradient":0.0067156614,
        "skewness":-5.2417732902,
        "kurtosis":29.5439680488,
        "mean_gradient":0.0,
        "max_gradient":0.0
    },
    {
        "absolute_time_point":2.0786516854,
        "absolute_change":0.8725490196,
        "mean_of_mean_gradient":0.0004926073,
        "max_of_max_gradient":0.0067156614,
        "skewness":-5.2417732902,
        "kurtosis":29.5439680488,
        "mean_gradient":0.0005279608,
        "max_gradient":0.0031677648
    },
    {
        "absolute_time_point":2.0786516854,
        "absolute_change":0.8725490196,
        "mean_of_mean_gradient":0.0004926073,
        "max_of_max_gradient":0.0067156614,
        "skewness":-5.2417732902,
        "kurtosis":29.5439680488,
        "mean_gradient":0.0,
        "max_gradient":0.0
    }
]