[
    {
        "absolute_time_point":1.9047619048,
        "absolute_change":0.8630136986,
        "mean_of_mean_gradient":0.0006768209,
        "max_of_max_gradient":0.0084269663,
        "skewness":-4.2111720024,
        "kurtosis":17.5126264081,
        "mean_gradient":0.0007510665,
        "max_gradient":0.0052349336
    },
    {
        "absolute_time_point":1.9047619048,
        "absolute_change":0.8630136986,
        "mean_of_mean_gradient":0.0006768209,
        "max_of_max_gradient":0.0084269663,
        "skewness":-4.2111720024,
        "kurtosis":17.5126264081,
        "mean_gradient":0.0012303835,
        "max_gradient":0.0063840654
    },
    {
        "absolute_time_point":1.9047619048,
        "absolute_change":0.8630136986,
        "mean_of_mean_gradient":0.0006768209,
        "max_of_max_gradient":0.0084269663,
        "skewness":-4.2111720024,
        "kurtosis":17.5126264081,
        "mean_gradient":0.0003830439,
        "max_gradient":0.0022982635
    },
    {
        "absolute_time_point":1.9047619048,
        "absolute_change":0.8630136986,
        "mean_of_mean_gradient":0.0006768209,
        "max_of_max_gradient":0.0084269663,
        "skewness":-4.2111720024,
        "kurtosis":17.5126264081,
        "mean_gradient":0.0015321757,
        "max_gradient":0.0084269663
    },
    {
        "absolute_time_point":1.9047619048,
        "absolute_change":0.8630136986,
        "mean_of_mean_gradient":0.0006768209,
        "max_of_max_gradient":0.0084269663,
        "skewness":-4.2111720024,
        "kurtosis":17.5126264081,
        "mean_gradient":0.0,
        "max_gradient":0.0
    },
    {
        "absolute_time_point":1.9047619048,
        "absolute_change":0.8630136986,
        "mean_of_mean_gradient":0.0006768209,
        "max_of_max_gradient":0.0084269663,
        "skewness":-4.2111720024,
        "kurtosis":17.5126264081,
        "mean_gradient":0.0008228351,
        "max_gradient":0.0037027579
    },
    {
        "absolute_time_point":1.9047619048,
        "absolute_change":0.8630136986,
        "mean_of_mean_gradient":0.0006768209,
        "max_of_max_gradient":0.0084269663,
        "skewness":-4.2111720024,
        "kurtosis":17.5126264081,
        "mean_gradient":0.0,
        "max_gradient":0.0
    },
    {
        "absolute_time_point":1.9047619048,
        "absolute_change":0.8630136986,
        "mean_of_mean_gradient":0.0006768209,
        "max_of_max_gradient":0.0084269663,
        "skewness":-4.2111720024,
        "kurtosis":17.5126264081,
        "mean_gradient":0.0010910948,
        "max_gradient":0.0060010215
    },
    {
        "absolute_time_point":1.9047619048,
        "absolute_change":0.8630136986,
        "mean_of_mean_gradient":0.0006768209,
        "max_of_max_gradient":0.0084269663,
        "skewness":-4.2111720024,
        "kurtosis":17.5126264081,
        "mean_gradient":0.0009576098,
        "max_gradient":0.0057456588
    },
    {
        "absolute_time_point":1.9047619048,
        "absolute_change":0.8630136986,
        "mean_of_mean_gradient":0.0006768209,
        "max_of_max_gradient":0.0084269663,
        "skewness":-4.2111720024,
        "kurtosis":17.5126264081,
        "mean_gradient":0.0,
        "max_gradient":0.0
    }
]