[
    {
        "absolute_time_point":1.7446808511,
        "absolute_change":0.9038461538,
        "mean_of_mean_gradient":0.0000142592,
        "max_of_max_gradient":0.0007842578,
        "skewness":-2.1896576342,
        "kurtosis":3.5577877673,
        "mean_gradient":0.0,
        "max_gradient":0.0
    },
    {
        "absolute_time_point":1.7446808511,
        "absolute_change":0.9038461538,
        "mean_of_mean_gradient":0.0000142592,
        "max_of_max_gradient":0.0007842578,
        "skewness":-2.1896576342,
        "kurtosis":3.5577877673,
        "mean_gradient":0.0,
        "max_gradient":0.0
    },
    {
        "absolute_time_point":1.7446808511,
        "absolute_change":0.9038461538,
        "mean_of_mean_gradient":0.0000142592,
        "max_of_max_gradient":0.0007842578,
        "skewness":-2.1896576342,
        "kurtosis":3.5577877673,
        "mean_gradient":0.0,
        "max_gradient":0.0
    },
    {
        "absolute_time_point":1.7446808511,
        "absolute_change":0.9038461538,
        "mean_of_mean_gradient":0.0000142592,
        "max_of_max_gradient":0.0007842578,
        "skewness":-2.1896576342,
        "kurtosis":3.5577877673,
        "mean_gradient":0.0000712962,
        "max_gradient":0.0007842578
    },
    {
        "absolute_time_point":1.7446808511,
        "absolute_change":0.9038461538,
        "mean_of_mean_gradient":0.0000142592,
        "max_of_max_gradient":0.0007842578,
        "skewness":-2.1896576342,
        "kurtosis":3.5577877673,
        "mean_gradient":0.0,
        "max_gradient":0.0
    }
]