[
    {
        "absolute_time_point":1.875,
        "absolute_change":0.8888888889,
        "mean_of_mean_gradient":0.0,
        "max_of_max_gradient":0.0,
        "skewness":-2.0189947882,
        "kurtosis":2.7215198529,
        "mean_gradient":0.0,
        "max_gradient":0.0
    },
    {
        "absolute_time_point":1.875,
        "absolute_change":0.8888888889,
        "mean_of_mean_gradient":0.0,
        "max_of_max_gradient":0.0,
        "skewness":-2.0189947882,
        "kurtosis":2.7215198529,
        "mean_gradient":0.0,
        "max_gradient":0.0
    }
]