[
    {
        "absolute_time_point":2.62,
        "absolute_change":0.7936507937,
        "mean_of_mean_gradient":0.0009598594,
        "max_of_max_gradient":0.0306603774,
        "skewness":-2.0481568148,
        "kurtosis":2.6931164686,
        "mean_gradient":0.0002427452,
        "max_gradient":0.0018205892
    },
    {
        "absolute_time_point":2.62,
        "absolute_change":0.7936507937,
        "mean_of_mean_gradient":0.0009598594,
        "max_of_max_gradient":0.0306603774,
        "skewness":-2.0481568148,
        "kurtosis":2.6931164686,
        "mean_gradient":0.0007979855,
        "max_gradient":0.0016137041
    },
    {
        "absolute_time_point":2.62,
        "absolute_change":0.7936507937,
        "mean_of_mean_gradient":0.0009598594,
        "max_of_max_gradient":0.0306603774,
        "skewness":-2.0481568148,
        "kurtosis":2.6931164686,
        "mean_gradient":0.0002999834,
        "max_gradient":0.0007034095
    },
    {
        "absolute_time_point":2.62,
        "absolute_change":0.7936507937,
        "mean_of_mean_gradient":0.0009598594,
        "max_of_max_gradient":0.0306603774,
        "skewness":-2.0481568148,
        "kurtosis":2.6931164686,
        "mean_gradient":0.0002068851,
        "max_gradient":0.0010344257
    },
    {
        "absolute_time_point":2.62,
        "absolute_change":0.7936507937,
        "mean_of_mean_gradient":0.0009598594,
        "max_of_max_gradient":0.0306603774,
        "skewness":-2.0481568148,
        "kurtosis":2.6931164686,
        "mean_gradient":0.000529626,
        "max_gradient":0.0017378352
    },
    {
        "absolute_time_point":2.62,
        "absolute_change":0.7936507937,
        "mean_of_mean_gradient":0.0009598594,
        "max_of_max_gradient":0.0306603774,
        "skewness":-2.0481568148,
        "kurtosis":2.6931164686,
        "mean_gradient":0.0011999338,
        "max_gradient":0.0033929163
    },
    {
        "absolute_time_point":2.62,
        "absolute_change":0.7936507937,
        "mean_of_mean_gradient":0.0009598594,
        "max_of_max_gradient":0.0306603774,
        "skewness":-2.0481568148,
        "kurtosis":2.6931164686,
        "mean_gradient":0.0,
        "max_gradient":0.0
    },
    {
        "absolute_time_point":2.62,
        "absolute_change":0.7936507937,
        "mean_of_mean_gradient":0.0009598594,
        "max_of_max_gradient":0.0306603774,
        "skewness":-2.0481568148,
        "kurtosis":2.6931164686,
        "mean_gradient":0.0073113208,
        "max_gradient":0.0306603774
    },
    {
        "absolute_time_point":2.62,
        "absolute_change":0.7936507937,
        "mean_of_mean_gradient":0.0009598594,
        "max_of_max_gradient":0.0306603774,
        "skewness":-2.0481568148,
        "kurtosis":2.6931164686,
        "mean_gradient":0.0005461768,
        "max_gradient":0.0016550811
    },
    {
        "absolute_time_point":2.62,
        "absolute_change":0.7936507937,
        "mean_of_mean_gradient":0.0009598594,
        "max_of_max_gradient":0.0306603774,
        "skewness":-2.0481568148,
        "kurtosis":2.6931164686,
        "mean_gradient":0.0002355308,
        "max_gradient":0.001489573
    },
    {
        "absolute_time_point":2.62,
        "absolute_change":0.7936507937,
        "mean_of_mean_gradient":0.0009598594,
        "max_of_max_gradient":0.0306603774,
        "skewness":-2.0481568148,
        "kurtosis":2.6931164686,
        "mean_gradient":0.0007126044,
        "max_gradient":0.0025653757
    },
    {
        "absolute_time_point":2.62,
        "absolute_change":0.7936507937,
        "mean_of_mean_gradient":0.0009598594,
        "max_of_max_gradient":0.0306603774,
        "skewness":-2.0481568148,
        "kurtosis":2.6931164686,
        "mean_gradient":0.0003953805,
        "max_gradient":0.0011585568
    },
    {
        "absolute_time_point":2.62,
        "absolute_change":0.7936507937,
        "mean_of_mean_gradient":0.0009598594,
        "max_of_max_gradient":0.0306603774,
        "skewness":-2.0481568148,
        "kurtosis":2.6931164686,
        "mean_gradient":0.0,
        "max_gradient":0.0
    }
]