[
    {
        "absolute_time_point":2.1020408163,
        "absolute_change":0.875,
        "mean_of_mean_gradient":0.0009874914,
        "max_of_max_gradient":0.0291634689,
        "skewness":-3.9560835316,
        "kurtosis":15.2041884676,
        "mean_gradient":0.0016500384,
        "max_gradient":0.0127909951
    },
    {
        "absolute_time_point":2.1020408163,
        "absolute_change":0.875,
        "mean_of_mean_gradient":0.0009874914,
        "max_of_max_gradient":0.0291634689,
        "skewness":-3.9560835316,
        "kurtosis":15.2041884676,
        "mean_gradient":0.0005786403,
        "max_gradient":0.0058838578
    },
    {
        "absolute_time_point":2.1020408163,
        "absolute_change":0.875,
        "mean_of_mean_gradient":0.0009874914,
        "max_of_max_gradient":0.0291634689,
        "skewness":-3.9560835316,
        "kurtosis":15.2041884676,
        "mean_gradient":0.0011511896,
        "max_gradient":0.0115118956
    },
    {
        "absolute_time_point":2.1020408163,
        "absolute_change":0.875,
        "mean_of_mean_gradient":0.0009874914,
        "max_of_max_gradient":0.0291634689,
        "skewness":-3.9560835316,
        "kurtosis":15.2041884676,
        "mean_gradient":0.0009593246,
        "max_gradient":0.0058838578
    },
    {
        "absolute_time_point":2.1020408163,
        "absolute_change":0.875,
        "mean_of_mean_gradient":0.0009874914,
        "max_of_max_gradient":0.0291634689,
        "skewness":-3.9560835316,
        "kurtosis":15.2041884676,
        "mean_gradient":0.0025732473,
        "max_gradient":0.0291634689
    },
    {
        "absolute_time_point":2.1020408163,
        "absolute_change":0.875,
        "mean_of_mean_gradient":0.0009874914,
        "max_of_max_gradient":0.0291634689,
        "skewness":-3.9560835316,
        "kurtosis":15.2041884676,
        "mean_gradient":0.0,
        "max_gradient":0.0
    },
    {
        "absolute_time_point":2.1020408163,
        "absolute_change":0.875,
        "mean_of_mean_gradient":0.0009874914,
        "max_of_max_gradient":0.0291634689,
        "skewness":-3.9560835316,
        "kurtosis":15.2041884676,
        "mean_gradient":0.0,
        "max_gradient":0.0
    }
]