[
    {
        "absolute_time_point":1.578313253,
        "absolute_change":0.902173913,
        "mean_of_mean_gradient":0.0006084702,
        "max_of_max_gradient":0.01298027,
        "skewness":-4.6530104583,
        "kurtosis":22.0970205971,
        "mean_gradient":0.0010167878,
        "max_gradient":0.0122014538
    },
    {
        "absolute_time_point":1.578313253,
        "absolute_change":0.902173913,
        "mean_of_mean_gradient":0.0006084702,
        "max_of_max_gradient":0.01298027,
        "skewness":-4.6530104583,
        "kurtosis":22.0970205971,
        "mean_gradient":0.0019470405,
        "max_gradient":0.01298027
    },
    {
        "absolute_time_point":1.578313253,
        "absolute_change":0.902173913,
        "mean_of_mean_gradient":0.0006084702,
        "max_of_max_gradient":0.01298027,
        "skewness":-4.6530104583,
        "kurtosis":22.0970205971,
        "mean_gradient":0.0010384216,
        "max_gradient":0.0053219107
    },
    {
        "absolute_time_point":1.578313253,
        "absolute_change":0.902173913,
        "mean_of_mean_gradient":0.0006084702,
        "max_of_max_gradient":0.01298027,
        "skewness":-4.6530104583,
        "kurtosis":22.0970205971,
        "mean_gradient":0.000623053,
        "max_gradient":0.0041536864
    },
    {
        "absolute_time_point":1.578313253,
        "absolute_change":0.902173913,
        "mean_of_mean_gradient":0.0006084702,
        "max_of_max_gradient":0.01298027,
        "skewness":-4.6530104583,
        "kurtosis":22.0970205971,
        "mean_gradient":0.0,
        "max_gradient":0.0
    },
    {
        "absolute_time_point":1.578313253,
        "absolute_change":0.902173913,
        "mean_of_mean_gradient":0.0006084702,
        "max_of_max_gradient":0.01298027,
        "skewness":-4.6530104583,
        "kurtosis":22.0970205971,
        "mean_gradient":0.0008509288,
        "max_gradient":0.0037642783
    },
    {
        "absolute_time_point":1.578313253,
        "absolute_change":0.902173913,
        "mean_of_mean_gradient":0.0006084702,
        "max_of_max_gradient":0.01298027,
        "skewness":-4.6530104583,
        "kurtosis":22.0970205971,
        "mean_gradient":0.0,
        "max_gradient":0.0
    },
    {
        "absolute_time_point":1.578313253,
        "absolute_change":0.902173913,
        "mean_of_mean_gradient":0.0006084702,
        "max_of_max_gradient":0.01298027,
        "skewness":-4.6530104583,
        "kurtosis":22.0970205971,
        "mean_gradient":0.0,
        "max_gradient":0.0
    },
    {
        "absolute_time_point":1.578313253,
        "absolute_change":0.902173913,
        "mean_of_mean_gradient":0.0006084702,
        "max_of_max_gradient":0.01298027,
        "skewness":-4.6530104583,
        "kurtosis":22.0970205971,
        "mean_gradient":0.0,
        "max_gradient":0.0
    }
]