[
    {
        "absolute_time_point":1.7323943662,
        "absolute_change":0.9220779221,
        "mean_of_mean_gradient":0.0001466204,
        "max_of_max_gradient":0.0028508303,
        "skewness":-2.7115643506,
        "kurtosis":6.2247149219,
        "mean_gradient":0.0003353918,
        "max_gradient":0.0023875704
    },
    {
        "absolute_time_point":1.7323943662,
        "absolute_change":0.9220779221,
        "mean_of_mean_gradient":0.0001466204,
        "max_of_max_gradient":0.0028508303,
        "skewness":-2.7115643506,
        "kurtosis":6.2247149219,
        "mean_gradient":0.0004157461,
        "max_gradient":0.0028508303
    },
    {
        "absolute_time_point":1.7323943662,
        "absolute_change":0.9220779221,
        "mean_of_mean_gradient":0.0001466204,
        "max_of_max_gradient":0.0028508303,
        "skewness":-2.7115643506,
        "kurtosis":6.2247149219,
        "mean_gradient":0.000061768,
        "max_gradient":0.0004632599
    },
    {
        "absolute_time_point":1.7323943662,
        "absolute_change":0.9220779221,
        "mean_of_mean_gradient":0.0001466204,
        "max_of_max_gradient":0.0028508303,
        "skewness":-2.7115643506,
        "kurtosis":6.2247149219,
        "mean_gradient":0.0000668163,
        "max_gradient":0.001033426
    },
    {
        "absolute_time_point":1.7323943662,
        "absolute_change":0.9220779221,
        "mean_of_mean_gradient":0.0001466204,
        "max_of_max_gradient":0.0028508303,
        "skewness":-2.7115643506,
        "kurtosis":6.2247149219,
        "mean_gradient":0.0,
        "max_gradient":0.0
    },
    {
        "absolute_time_point":1.7323943662,
        "absolute_change":0.9220779221,
        "mean_of_mean_gradient":0.0001466204,
        "max_of_max_gradient":0.0028508303,
        "skewness":-2.7115643506,
        "kurtosis":6.2247149219,
        "mean_gradient":0.0,
        "max_gradient":0.0
    }
]