[
    {
        "absolute_time_point":2.6396396396,
        "absolute_change":0.8043478261,
        "mean_of_mean_gradient":0.0021189492,
        "max_of_max_gradient":0.0209452202,
        "skewness":-0.9819772225,
        "kurtosis":-0.1125246977,
        "mean_gradient":0.0028014748,
        "max_gradient":0.0149368958
    },
    {
        "absolute_time_point":2.6396396396,
        "absolute_change":0.8043478261,
        "mean_of_mean_gradient":0.0021189492,
        "max_of_max_gradient":0.0209452202,
        "skewness":-0.9819772225,
        "kurtosis":-0.1125246977,
        "mean_gradient":0.0077295172,
        "max_gradient":0.0158096133
    },
    {
        "absolute_time_point":2.6396396396,
        "absolute_change":0.8043478261,
        "mean_of_mean_gradient":0.0021189492,
        "max_of_max_gradient":0.0209452202,
        "skewness":-0.9819772225,
        "kurtosis":-0.1125246977,
        "mean_gradient":0.00287773,
        "max_gradient":0.0064782492
    },
    {
        "absolute_time_point":2.6396396396,
        "absolute_change":0.8043478261,
        "mean_of_mean_gradient":0.0021189492,
        "max_of_max_gradient":0.0209452202,
        "skewness":-0.9819772225,
        "kurtosis":-0.1125246977,
        "mean_gradient":0.0021338423,
        "max_gradient":0.0078544576
    },
    {
        "absolute_time_point":2.6396396396,
        "absolute_change":0.8043478261,
        "mean_of_mean_gradient":0.0021189492,
        "max_of_max_gradient":0.0209452202,
        "skewness":-0.9819772225,
        "kurtosis":-0.1125246977,
        "mean_gradient":0.0022237513,
        "max_gradient":0.0099355532
    },
    {
        "absolute_time_point":2.6396396396,
        "absolute_change":0.8043478261,
        "mean_of_mean_gradient":0.0021189492,
        "max_of_max_gradient":0.0209452202,
        "skewness":-0.9819772225,
        "kurtosis":-0.1125246977,
        "mean_gradient":0.0028796144,
        "max_gradient":0.0110767991
    },
    {
        "absolute_time_point":2.6396396396,
        "absolute_change":0.8043478261,
        "mean_of_mean_gradient":0.0021189492,
        "max_of_max_gradient":0.0209452202,
        "skewness":-0.9819772225,
        "kurtosis":-0.1125246977,
        "mean_gradient":0.0022311556,
        "max_gradient":0.0054041353
    },
    {
        "absolute_time_point":2.6396396396,
        "absolute_change":0.8043478261,
        "mean_of_mean_gradient":0.0021189492,
        "max_of_max_gradient":0.0209452202,
        "skewness":-0.9819772225,
        "kurtosis":-0.1125246977,
        "mean_gradient":0.0023352386,
        "max_gradient":0.0053705693
    },
    {
        "absolute_time_point":2.6396396396,
        "absolute_change":0.8043478261,
        "mean_of_mean_gradient":0.0021189492,
        "max_of_max_gradient":0.0209452202,
        "skewness":-0.9819772225,
        "kurtosis":-0.1125246977,
        "mean_gradient":0.0016134085,
        "max_gradient":0.0032894737
    },
    {
        "absolute_time_point":2.6396396396,
        "absolute_change":0.8043478261,
        "mean_of_mean_gradient":0.0021189492,
        "max_of_max_gradient":0.0209452202,
        "skewness":-0.9819772225,
        "kurtosis":-0.1125246977,
        "mean_gradient":0.0026461242,
        "max_gradient":0.0105397422
    },
    {
        "absolute_time_point":2.6396396396,
        "absolute_change":0.8043478261,
        "mean_of_mean_gradient":0.0021189492,
        "max_of_max_gradient":0.0209452202,
        "skewness":-0.9819772225,
        "kurtosis":-0.1125246977,
        "mean_gradient":0.001971243,
        "max_gradient":0.0066125134
    },
    {
        "absolute_time_point":2.6396396396,
        "absolute_change":0.8043478261,
        "mean_of_mean_gradient":0.0021189492,
        "max_of_max_gradient":0.0209452202,
        "skewness":-0.9819772225,
        "kurtosis":-0.1125246977,
        "mean_gradient":0.0009650242,
        "max_gradient":0.0028195489
    },
    {
        "absolute_time_point":2.6396396396,
        "absolute_change":0.8043478261,
        "mean_of_mean_gradient":0.0021189492,
        "max_of_max_gradient":0.0209452202,
        "skewness":-0.9819772225,
        "kurtosis":-0.1125246977,
        "mean_gradient":0.0010741139,
        "max_gradient":0.0046992481
    },
    {
        "absolute_time_point":2.6396396396,
        "absolute_change":0.8043478261,
        "mean_of_mean_gradient":0.0021189492,
        "max_of_max_gradient":0.0209452202,
        "skewness":-0.9819772225,
        "kurtosis":-0.1125246977,
        "mean_gradient":0.0013234617,
        "max_gradient":0.0061761547
    },
    {
        "absolute_time_point":2.6396396396,
        "absolute_change":0.8043478261,
        "mean_of_mean_gradient":0.0021189492,
        "max_of_max_gradient":0.0209452202,
        "skewness":-0.9819772225,
        "kurtosis":-0.1125246977,
        "mean_gradient":0.0004447503,
        "max_gradient":0.0017790011
    },
    {
        "absolute_time_point":2.6396396396,
        "absolute_change":0.8043478261,
        "mean_of_mean_gradient":0.0021189492,
        "max_of_max_gradient":0.0209452202,
        "skewness":-0.9819772225,
        "kurtosis":-0.1125246977,
        "mean_gradient":0.0062835661,
        "max_gradient":0.0209452202
    },
    {
        "absolute_time_point":2.6396396396,
        "absolute_change":0.8043478261,
        "mean_of_mean_gradient":0.0021189492,
        "max_of_max_gradient":0.0209452202,
        "skewness":-0.9819772225,
        "kurtosis":-0.1125246977,
        "mean_gradient":0.0006671254,
        "max_gradient":0.0018125671
    },
    {
        "absolute_time_point":2.6396396396,
        "absolute_change":0.8043478261,
        "mean_of_mean_gradient":0.0021189492,
        "max_of_max_gradient":0.0209452202,
        "skewness":-0.9819772225,
        "kurtosis":-0.1125246977,
        "mean_gradient":0.0014433405,
        "max_gradient":0.005773362
    },
    {
        "absolute_time_point":2.6396396396,
        "absolute_change":0.8043478261,
        "mean_of_mean_gradient":0.0021189492,
        "max_of_max_gradient":0.0209452202,
        "skewness":-0.9819772225,
        "kurtosis":-0.1125246977,
        "mean_gradient":0.0014377462,
        "max_gradient":0.0040950591
    },
    {
        "absolute_time_point":2.6396396396,
        "absolute_change":0.8043478261,
        "mean_of_mean_gradient":0.0021189492,
        "max_of_max_gradient":0.0209452202,
        "skewness":-0.9819772225,
        "kurtosis":-0.1125246977,
        "mean_gradient":0.0020027748,
        "max_gradient":0.0060083244
    },
    {
        "absolute_time_point":2.6396396396,
        "absolute_change":0.8043478261,
        "mean_of_mean_gradient":0.0021189492,
        "max_of_max_gradient":0.0209452202,
        "skewness":-0.9819772225,
        "kurtosis":-0.1125246977,
        "mean_gradient":0.0022741004,
        "max_gradient":0.009264232
    },
    {
        "absolute_time_point":2.6396396396,
        "absolute_change":0.8043478261,
        "mean_of_mean_gradient":0.0021189492,
        "max_of_max_gradient":0.0209452202,
        "skewness":-0.9819772225,
        "kurtosis":-0.1125246977,
        "mean_gradient":0.0004507442,
        "max_gradient":0.0015776047
    },
    {
        "absolute_time_point":2.6396396396,
        "absolute_change":0.8043478261,
        "mean_of_mean_gradient":0.0021189492,
        "max_of_max_gradient":0.0209452202,
        "skewness":-0.9819772225,
        "kurtosis":-0.1125246977,
        "mean_gradient":0.002980666,
        "max_gradient":0.0099355532
    },
    {
        "absolute_time_point":2.6396396396,
        "absolute_change":0.8043478261,
        "mean_of_mean_gradient":0.0021189492,
        "max_of_max_gradient":0.0209452202,
        "skewness":-0.9819772225,
        "kurtosis":-0.1125246977,
        "mean_gradient":0.0027374985,
        "max_gradient":0.0077873255
    },
    {
        "absolute_time_point":2.6396396396,
        "absolute_change":0.8043478261,
        "mean_of_mean_gradient":0.0021189492,
        "max_of_max_gradient":0.0209452202,
        "skewness":-0.9819772225,
        "kurtosis":-0.1125246977,
        "mean_gradient":0.001296489,
        "max_gradient":0.0042293233
    },
    {
        "absolute_time_point":2.6396396396,
        "absolute_change":0.8043478261,
        "mean_of_mean_gradient":0.0021189492,
        "max_of_max_gradient":0.0209452202,
        "skewness":-0.9819772225,
        "kurtosis":-0.1125246977,
        "mean_gradient":0.0003871285,
        "max_gradient":0.0031552095
    },
    {
        "absolute_time_point":2.6396396396,
        "absolute_change":0.8043478261,
        "mean_of_mean_gradient":0.0021189492,
        "max_of_max_gradient":0.0209452202,
        "skewness":-0.9819772225,
        "kurtosis":-0.1125246977,
        "mean_gradient":0.0,
        "max_gradient":0.0
    }
]