[
    {
        "absolute_time_point":1.7171717172,
        "absolute_change":0.8284518828,
        "mean_of_mean_gradient":0.0025900331,
        "max_of_max_gradient":0.0464527752,
        "skewness":-1.4501019664,
        "kurtosis":1.3640974784,
        "mean_gradient":0.0,
        "max_gradient":0.0
    },
    {
        "absolute_time_point":1.7171717172,
        "absolute_change":0.8284518828,
        "mean_of_mean_gradient":0.0025900331,
        "max_of_max_gradient":0.0464527752,
        "skewness":-1.4501019664,
        "kurtosis":1.3640974784,
        "mean_gradient":0.0143200284,
        "max_gradient":0.0464527752
    },
    {
        "absolute_time_point":1.7171717172,
        "absolute_change":0.8284518828,
        "mean_of_mean_gradient":0.0025900331,
        "max_of_max_gradient":0.0464527752,
        "skewness":-1.4501019664,
        "kurtosis":1.3640974784,
        "mean_gradient":0.0081019511,
        "max_gradient":0.0336278631
    },
    {
        "absolute_time_point":1.7171717172,
        "absolute_change":0.8284518828,
        "mean_of_mean_gradient":0.0025900331,
        "max_of_max_gradient":0.0464527752,
        "skewness":-1.4501019664,
        "kurtosis":1.3640974784,
        "mean_gradient":0.0081024277,
        "max_gradient":0.0252208973
    },
    {
        "absolute_time_point":1.7171717172,
        "absolute_change":0.8284518828,
        "mean_of_mean_gradient":0.0025900331,
        "max_of_max_gradient":0.0464527752,
        "skewness":-1.4501019664,
        "kurtosis":1.3640974784,
        "mean_gradient":0.0069252186,
        "max_gradient":0.0380887021
    },
    {
        "absolute_time_point":1.7171717172,
        "absolute_change":0.8284518828,
        "mean_of_mean_gradient":0.0025900331,
        "max_of_max_gradient":0.0464527752,
        "skewness":-1.4501019664,
        "kurtosis":1.3640974784,
        "mean_gradient":0.0064446255,
        "max_gradient":0.0257785022
    },
    {
        "absolute_time_point":1.7171717172,
        "absolute_change":0.8284518828,
        "mean_of_mean_gradient":0.0025900331,
        "max_of_max_gradient":0.0464527752,
        "skewness":-1.4501019664,
        "kurtosis":1.3640974784,
        "mean_gradient":0.0065411341,
        "max_gradient":0.031483229
    },
    {
        "absolute_time_point":1.7171717172,
        "absolute_change":0.8284518828,
        "mean_of_mean_gradient":0.0025900331,
        "max_of_max_gradient":0.0464527752,
        "skewness":-1.4501019664,
        "kurtosis":1.3640974784,
        "mean_gradient":0.0070343999,
        "max_gradient":0.0316547997
    },
    {
        "absolute_time_point":1.7171717172,
        "absolute_change":0.8284518828,
        "mean_of_mean_gradient":0.0025900331,
        "max_of_max_gradient":0.0464527752,
        "skewness":-1.4501019664,
        "kurtosis":1.3640974784,
        "mean_gradient":0.0052436304,
        "max_gradient":0.0209745217
    },
    {
        "absolute_time_point":1.7171717172,
        "absolute_change":0.8284518828,
        "mean_of_mean_gradient":0.0025900331,
        "max_of_max_gradient":0.0464527752,
        "skewness":-1.4501019664,
        "kurtosis":1.3640974784,
        "mean_gradient":0.0012486536,
        "max_gradient":0.0056189414
    },
    {
        "absolute_time_point":1.7171717172,
        "absolute_change":0.8284518828,
        "mean_of_mean_gradient":0.0025900331,
        "max_of_max_gradient":0.0464527752,
        "skewness":-1.4501019664,
        "kurtosis":1.3640974784,
        "mean_gradient":0.0035708158,
        "max_gradient":0.0142832633
    },
    {
        "absolute_time_point":1.7171717172,
        "absolute_change":0.8284518828,
        "mean_of_mean_gradient":0.0025900331,
        "max_of_max_gradient":0.0464527752,
        "skewness":-1.4501019664,
        "kurtosis":1.3640974784,
        "mean_gradient":0.0006311352,
        "max_gradient":0.0023590975
    },
    {
        "absolute_time_point":1.7171717172,
        "absolute_change":0.8284518828,
        "mean_of_mean_gradient":0.0025900331,
        "max_of_max_gradient":0.0464527752,
        "skewness":-1.4501019664,
        "kurtosis":1.3640974784,
        "mean_gradient":0.0008621429,
        "max_gradient":0.0043750536
    },
    {
        "absolute_time_point":1.7171717172,
        "absolute_change":0.8284518828,
        "mean_of_mean_gradient":0.0025900331,
        "max_of_max_gradient":0.0464527752,
        "skewness":-1.4501019664,
        "kurtosis":1.3640974784,
        "mean_gradient":0.0020042581,
        "max_gradient":0.0110234194
    },
    {
        "absolute_time_point":1.7171717172,
        "absolute_change":0.8284518828,
        "mean_of_mean_gradient":0.0025900331,
        "max_of_max_gradient":0.0464527752,
        "skewness":-1.4501019664,
        "kurtosis":1.3640974784,
        "mean_gradient":0.0002895256,
        "max_gradient":0.0011581024
    },
    {
        "absolute_time_point":1.7171717172,
        "absolute_change":0.8284518828,
        "mean_of_mean_gradient":0.0025900331,
        "max_of_max_gradient":0.0464527752,
        "skewness":-1.4501019664,
        "kurtosis":1.3640974784,
        "mean_gradient":0.0015655829,
        "max_gradient":0.0062623316
    },
    {
        "absolute_time_point":1.7171717172,
        "absolute_change":0.8284518828,
        "mean_of_mean_gradient":0.0025900331,
        "max_of_max_gradient":0.0464527752,
        "skewness":-1.4501019664,
        "kurtosis":1.3640974784,
        "mean_gradient":0.0025521146,
        "max_gradient":0.0102084584
    },
    {
        "absolute_time_point":1.7171717172,
        "absolute_change":0.8284518828,
        "mean_of_mean_gradient":0.0025900331,
        "max_of_max_gradient":0.0464527752,
        "skewness":-1.4501019664,
        "kurtosis":1.3640974784,
        "mean_gradient":0.0025551784,
        "max_gradient":0.0119241657
    },
    {
        "absolute_time_point":1.7171717172,
        "absolute_change":0.8284518828,
        "mean_of_mean_gradient":0.0025900331,
        "max_of_max_gradient":0.0464527752,
        "skewness":-1.4501019664,
        "kurtosis":1.3640974784,
        "mean_gradient":0.0028630866,
        "max_gradient":0.015269795
    },
    {
        "absolute_time_point":1.7171717172,
        "absolute_change":0.8284518828,
        "mean_of_mean_gradient":0.0025900331,
        "max_of_max_gradient":0.0464527752,
        "skewness":-1.4501019664,
        "kurtosis":1.3640974784,
        "mean_gradient":0.0013296732,
        "max_gradient":0.0053186926
    },
    {
        "absolute_time_point":1.7171717172,
        "absolute_change":0.8284518828,
        "mean_of_mean_gradient":0.0025900331,
        "max_of_max_gradient":0.0464527752,
        "skewness":-1.4501019664,
        "kurtosis":1.3640974784,
        "mean_gradient":0.0004044167,
        "max_gradient":0.0014154585
    },
    {
        "absolute_time_point":1.7171717172,
        "absolute_change":0.8284518828,
        "mean_of_mean_gradient":0.0025900331,
        "max_of_max_gradient":0.0464527752,
        "skewness":-1.4501019664,
        "kurtosis":1.3640974784,
        "mean_gradient":0.001529839,
        "max_gradient":0.0045466243
    },
    {
        "absolute_time_point":1.7171717172,
        "absolute_change":0.8284518828,
        "mean_of_mean_gradient":0.0025900331,
        "max_of_max_gradient":0.0464527752,
        "skewness":-1.4501019664,
        "kurtosis":1.3640974784,
        "mean_gradient":0.0013725658,
        "max_gradient":0.008235395
    },
    {
        "absolute_time_point":1.7171717172,
        "absolute_change":0.8284518828,
        "mean_of_mean_gradient":0.0025900331,
        "max_of_max_gradient":0.0464527752,
        "skewness":-1.4501019664,
        "kurtosis":1.3640974784,
        "mean_gradient":0.000694453,
        "max_gradient":0.0026593463
    },
    {
        "absolute_time_point":1.7171717172,
        "absolute_change":0.8284518828,
        "mean_of_mean_gradient":0.0025900331,
        "max_of_max_gradient":0.0464527752,
        "skewness":-1.4501019664,
        "kurtosis":1.3640974784,
        "mean_gradient":0.00011698,
        "max_gradient":0.0006433902
    },
    {
        "absolute_time_point":1.7171717172,
        "absolute_change":0.8284518828,
        "mean_of_mean_gradient":0.0025900331,
        "max_of_max_gradient":0.0464527752,
        "skewness":-1.4501019664,
        "kurtosis":1.3640974784,
        "mean_gradient":0.0018014927,
        "max_gradient":0.0090074633
    },
    {
        "absolute_time_point":1.7171717172,
        "absolute_change":0.8284518828,
        "mean_of_mean_gradient":0.0025900331,
        "max_of_max_gradient":0.0464527752,
        "skewness":-1.4501019664,
        "kurtosis":1.3640974784,
        "mean_gradient":0.0038067256,
        "max_gradient":0.0168139315
    },
    {
        "absolute_time_point":1.7171717172,
        "absolute_change":0.8284518828,
        "mean_of_mean_gradient":0.0025900331,
        "max_of_max_gradient":0.0464527752,
        "skewness":-1.4501019664,
        "kurtosis":1.3640974784,
        "mean_gradient":0.0011438049,
        "max_gradient":0.0068628292
    },
    {
        "absolute_time_point":1.7171717172,
        "absolute_change":0.8284518828,
        "mean_of_mean_gradient":0.0025900331,
        "max_of_max_gradient":0.0464527752,
        "skewness":-1.4501019664,
        "kurtosis":1.3640974784,
        "mean_gradient":0.002573561,
        "max_gradient":0.0102942438
    },
    {
        "absolute_time_point":1.7171717172,
        "absolute_change":0.8284518828,
        "mean_of_mean_gradient":0.0025900331,
        "max_of_max_gradient":0.0464527752,
        "skewness":-1.4501019664,
        "kurtosis":1.3640974784,
        "mean_gradient":0.0040640817,
        "max_gradient":0.0162563267
    },
    {
        "absolute_time_point":1.7171717172,
        "absolute_change":0.8284518828,
        "mean_of_mean_gradient":0.0025900331,
        "max_of_max_gradient":0.0464527752,
        "skewness":-1.4501019664,
        "kurtosis":1.3640974784,
        "mean_gradient":0.0,
        "max_gradient":0.0
    },
    {
        "absolute_time_point":1.7171717172,
        "absolute_change":0.8284518828,
        "mean_of_mean_gradient":0.0025900331,
        "max_of_max_gradient":0.0464527752,
        "skewness":-1.4501019664,
        "kurtosis":1.3640974784,
        "mean_gradient":0.0011213373,
        "max_gradient":0.0052329073
    },
    {
        "absolute_time_point":1.7171717172,
        "absolute_change":0.8284518828,
        "mean_of_mean_gradient":0.0025900331,
        "max_of_max_gradient":0.0464527752,
        "skewness":-1.4501019664,
        "kurtosis":1.3640974784,
        "mean_gradient":0.0006862829,
        "max_gradient":0.0024019902
    },
    {
        "absolute_time_point":1.7171717172,
        "absolute_change":0.8284518828,
        "mean_of_mean_gradient":0.0025900331,
        "max_of_max_gradient":0.0464527752,
        "skewness":-1.4501019664,
        "kurtosis":1.3640974784,
        "mean_gradient":0.0022947585,
        "max_gradient":0.0122673072
    },
    {
        "absolute_time_point":1.7171717172,
        "absolute_change":0.8284518828,
        "mean_of_mean_gradient":0.0025900331,
        "max_of_max_gradient":0.0464527752,
        "skewness":-1.4501019664,
        "kurtosis":1.3640974784,
        "mean_gradient":0.0,
        "max_gradient":0.0
    },
    {
        "absolute_time_point":1.7171717172,
        "absolute_change":0.8284518828,
        "mean_of_mean_gradient":0.0025900331,
        "max_of_max_gradient":0.0464527752,
        "skewness":-1.4501019664,
        "kurtosis":1.3640974784,
        "mean_gradient":0.0001682713,
        "max_gradient":0.0014583512
    },
    {
        "absolute_time_point":1.7171717172,
        "absolute_change":0.8284518828,
        "mean_of_mean_gradient":0.0025900331,
        "max_of_max_gradient":0.0464527752,
        "skewness":-1.4501019664,
        "kurtosis":1.3640974784,
        "mean_gradient":0.0000343141,
        "max_gradient":0.0001715707
    },
    {
        "absolute_time_point":1.7171717172,
        "absolute_change":0.8284518828,
        "mean_of_mean_gradient":0.0025900331,
        "max_of_max_gradient":0.0464527752,
        "skewness":-1.4501019664,
        "kurtosis":1.3640974784,
        "mean_gradient":0.0002412713,
        "max_gradient":0.0012867805
    },
    {
        "absolute_time_point":1.7171717172,
        "absolute_change":0.8284518828,
        "mean_of_mean_gradient":0.0025900331,
        "max_of_max_gradient":0.0464527752,
        "skewness":-1.4501019664,
        "kurtosis":1.3640974784,
        "mean_gradient":0.0013940122,
        "max_gradient":0.0055760487
    },
    {
        "absolute_time_point":1.7171717172,
        "absolute_change":0.8284518828,
        "mean_of_mean_gradient":0.0025900331,
        "max_of_max_gradient":0.0464527752,
        "skewness":-1.4501019664,
        "kurtosis":1.3640974784,
        "mean_gradient":0.0005576049,
        "max_gradient":0.0027880244
    },
    {
        "absolute_time_point":1.7171717172,
        "absolute_change":0.8284518828,
        "mean_of_mean_gradient":0.0025900331,
        "max_of_max_gradient":0.0464527752,
        "skewness":-1.4501019664,
        "kurtosis":1.3640974784,
        "mean_gradient":0.0,
        "max_gradient":0.0
    }
]