[
    {
        "absolute_time_point":2.0666666667,
        "absolute_change":0.7894736842,
        "mean_of_mean_gradient":0.0008413964,
        "max_of_max_gradient":0.0085494242,
        "skewness":-2.1274323848,
        "kurtosis":3.2203016876,
        "mean_gradient":0.0012718152,
        "max_gradient":0.0069949834
    },
    {
        "absolute_time_point":2.0666666667,
        "absolute_change":0.7894736842,
        "mean_of_mean_gradient":0.0008413964,
        "max_of_max_gradient":0.0085494242,
        "skewness":-2.1274323848,
        "kurtosis":3.2203016876,
        "mean_gradient":0.0021514873,
        "max_gradient":0.0085494242
    },
    {
        "absolute_time_point":2.0666666667,
        "absolute_change":0.7894736842,
        "mean_of_mean_gradient":0.0008413964,
        "max_of_max_gradient":0.0085494242,
        "skewness":-2.1274323848,
        "kurtosis":3.2203016876,
        "mean_gradient":0.0,
        "max_gradient":0.0
    },
    {
        "absolute_time_point":2.0666666667,
        "absolute_change":0.7894736842,
        "mean_of_mean_gradient":0.0008413964,
        "max_of_max_gradient":0.0085494242,
        "skewness":-2.1274323848,
        "kurtosis":3.2203016876,
        "mean_gradient":0.000883205,
        "max_gradient":0.0018370663
    },
    {
        "absolute_time_point":2.0666666667,
        "absolute_change":0.7894736842,
        "mean_of_mean_gradient":0.0008413964,
        "max_of_max_gradient":0.0085494242,
        "skewness":-2.1274323848,
        "kurtosis":3.2203016876,
        "mean_gradient":0.0008243246,
        "max_gradient":0.0024729739
    },
    {
        "absolute_time_point":2.0666666667,
        "absolute_change":0.7894736842,
        "mean_of_mean_gradient":0.0008413964,
        "max_of_max_gradient":0.0085494242,
        "skewness":-2.1274323848,
        "kurtosis":3.2203016876,
        "mean_gradient":0.001248263,
        "max_gradient":0.0035328199
    },
    {
        "absolute_time_point":2.0666666667,
        "absolute_change":0.7894736842,
        "mean_of_mean_gradient":0.0008413964,
        "max_of_max_gradient":0.0085494242,
        "skewness":-2.1274323848,
        "kurtosis":3.2203016876,
        "mean_gradient":0.0007974079,
        "max_gradient":0.0022610047
    },
    {
        "absolute_time_point":2.0666666667,
        "absolute_change":0.7894736842,
        "mean_of_mean_gradient":0.0008413964,
        "max_of_max_gradient":0.0085494242,
        "skewness":-2.1274323848,
        "kurtosis":3.2203016876,
        "mean_gradient":0.0002119692,
        "max_gradient":0.0006359076
    },
    {
        "absolute_time_point":2.0666666667,
        "absolute_change":0.7894736842,
        "mean_of_mean_gradient":0.0008413964,
        "max_of_max_gradient":0.0085494242,
        "skewness":-2.1274323848,
        "kurtosis":3.2203016876,
        "mean_gradient":0.0008175955,
        "max_gradient":0.0028615841
    },
    {
        "absolute_time_point":2.0666666667,
        "absolute_change":0.7894736842,
        "mean_of_mean_gradient":0.0008413964,
        "max_of_max_gradient":0.0085494242,
        "skewness":-2.1274323848,
        "kurtosis":3.2203016876,
        "mean_gradient":0.0014181748,
        "max_gradient":0.0035328199
    },
    {
        "absolute_time_point":2.0666666667,
        "absolute_change":0.7894736842,
        "mean_of_mean_gradient":0.0008413964,
        "max_of_max_gradient":0.0085494242,
        "skewness":-2.1274323848,
        "kurtosis":3.2203016876,
        "mean_gradient":0.0004725147,
        "max_gradient":0.0017664099
    },
    {
        "absolute_time_point":2.0666666667,
        "absolute_change":0.7894736842,
        "mean_of_mean_gradient":0.0008413964,
        "max_of_max_gradient":0.0085494242,
        "skewness":-2.1274323848,
        "kurtosis":3.2203016876,
        "mean_gradient":0.0,
        "max_gradient":0.0
    }
]