[
    {
        "absolute_time_point":1.9311926606,
        "absolute_change":0.893442623,
        "mean_of_mean_gradient":0.0014177795,
        "max_of_max_gradient":0.0600260417,
        "skewness":-2.4409422375,
        "kurtosis":7.3397666495,
        "mean_gradient":0.0018554687,
        "max_gradient":0.0197916667
    },
    {
        "absolute_time_point":1.9311926606,
        "absolute_change":0.893442623,
        "mean_of_mean_gradient":0.0014177795,
        "max_of_max_gradient":0.0600260417,
        "skewness":-2.4409422375,
        "kurtosis":7.3397666495,
        "mean_gradient":0.0033723958,
        "max_gradient":0.0166666667
    },
    {
        "absolute_time_point":1.9311926606,
        "absolute_change":0.893442623,
        "mean_of_mean_gradient":0.0014177795,
        "max_of_max_gradient":0.0600260417,
        "skewness":-2.4409422375,
        "kurtosis":7.3397666495,
        "mean_gradient":0.0135243056,
        "max_gradient":0.0600260417
    },
    {
        "absolute_time_point":1.9311926606,
        "absolute_change":0.893442623,
        "mean_of_mean_gradient":0.0014177795,
        "max_of_max_gradient":0.0600260417,
        "skewness":-2.4409422375,
        "kurtosis":7.3397666495,
        "mean_gradient":0.0010833333,
        "max_gradient":0.012890625
    },
    {
        "absolute_time_point":1.9311926606,
        "absolute_change":0.893442623,
        "mean_of_mean_gradient":0.0014177795,
        "max_of_max_gradient":0.0600260417,
        "skewness":-2.4409422375,
        "kurtosis":7.3397666495,
        "mean_gradient":0.0027225379,
        "max_gradient":0.0143229167
    },
    {
        "absolute_time_point":1.9311926606,
        "absolute_change":0.893442623,
        "mean_of_mean_gradient":0.0014177795,
        "max_of_max_gradient":0.0600260417,
        "skewness":-2.4409422375,
        "kurtosis":7.3397666495,
        "mean_gradient":0.001171875,
        "max_gradient":0.01328125
    },
    {
        "absolute_time_point":1.9311926606,
        "absolute_change":0.893442623,
        "mean_of_mean_gradient":0.0014177795,
        "max_of_max_gradient":0.0600260417,
        "skewness":-2.4409422375,
        "kurtosis":7.3397666495,
        "mean_gradient":0.002202691,
        "max_gradient":0.0078125
    },
    {
        "absolute_time_point":1.9311926606,
        "absolute_change":0.893442623,
        "mean_of_mean_gradient":0.0014177795,
        "max_of_max_gradient":0.0600260417,
        "skewness":-2.4409422375,
        "kurtosis":7.3397666495,
        "mean_gradient":0.0008300781,
        "max_gradient":0.006640625
    },
    {
        "absolute_time_point":1.9311926606,
        "absolute_change":0.893442623,
        "mean_of_mean_gradient":0.0014177795,
        "max_of_max_gradient":0.0600260417,
        "skewness":-2.4409422375,
        "kurtosis":7.3397666495,
        "mean_gradient":0.0007469846,
        "max_gradient":0.005859375
    },
    {
        "absolute_time_point":1.9311926606,
        "absolute_change":0.893442623,
        "mean_of_mean_gradient":0.0014177795,
        "max_of_max_gradient":0.0600260417,
        "skewness":-2.4409422375,
        "kurtosis":7.3397666495,
        "mean_gradient":0.001640625,
        "max_gradient":0.0109375
    },
    {
        "absolute_time_point":1.9311926606,
        "absolute_change":0.893442623,
        "mean_of_mean_gradient":0.0014177795,
        "max_of_max_gradient":0.0600260417,
        "skewness":-2.4409422375,
        "kurtosis":7.3397666495,
        "mean_gradient":0.0006510417,
        "max_gradient":0.0076822917
    },
    {
        "absolute_time_point":1.9311926606,
        "absolute_change":0.893442623,
        "mean_of_mean_gradient":0.0014177795,
        "max_of_max_gradient":0.0600260417,
        "skewness":-2.4409422375,
        "kurtosis":7.3397666495,
        "mean_gradient":0.0005425347,
        "max_gradient":0.0063802083
    },
    {
        "absolute_time_point":1.9311926606,
        "absolute_change":0.893442623,
        "mean_of_mean_gradient":0.0014177795,
        "max_of_max_gradient":0.0600260417,
        "skewness":-2.4409422375,
        "kurtosis":7.3397666495,
        "mean_gradient":0.0,
        "max_gradient":0.0
    },
    {
        "absolute_time_point":1.9311926606,
        "absolute_change":0.893442623,
        "mean_of_mean_gradient":0.0014177795,
        "max_of_max_gradient":0.0600260417,
        "skewness":-2.4409422375,
        "kurtosis":7.3397666495,
        "mean_gradient":0.00025,
        "max_gradient":0.003125
    },
    {
        "absolute_time_point":1.9311926606,
        "absolute_change":0.893442623,
        "mean_of_mean_gradient":0.0014177795,
        "max_of_max_gradient":0.0600260417,
        "skewness":-2.4409422375,
        "kurtosis":7.3397666495,
        "mean_gradient":0.0004340278,
        "max_gradient":0.004296875
    },
    {
        "absolute_time_point":1.9311926606,
        "absolute_change":0.893442623,
        "mean_of_mean_gradient":0.0014177795,
        "max_of_max_gradient":0.0600260417,
        "skewness":-2.4409422375,
        "kurtosis":7.3397666495,
        "mean_gradient":0.000390625,
        "max_gradient":0.0037760417
    },
    {
        "absolute_time_point":1.9311926606,
        "absolute_change":0.893442623,
        "mean_of_mean_gradient":0.0014177795,
        "max_of_max_gradient":0.0600260417,
        "skewness":-2.4409422375,
        "kurtosis":7.3397666495,
        "mean_gradient":0.0002170139,
        "max_gradient":0.0032552083
    },
    {
        "absolute_time_point":1.9311926606,
        "absolute_change":0.893442623,
        "mean_of_mean_gradient":0.0014177795,
        "max_of_max_gradient":0.0600260417,
        "skewness":-2.4409422375,
        "kurtosis":7.3397666495,
        "mean_gradient":0.0002155172,
        "max_gradient":0.003125
    },
    {
        "absolute_time_point":1.9311926606,
        "absolute_change":0.893442623,
        "mean_of_mean_gradient":0.0014177795,
        "max_of_max_gradient":0.0600260417,
        "skewness":-2.4409422375,
        "kurtosis":7.3397666495,
        "mean_gradient":0.0015136719,
        "max_gradient":0.0080729167
    },
    {
        "absolute_time_point":1.9311926606,
        "absolute_change":0.893442623,
        "mean_of_mean_gradient":0.0014177795,
        "max_of_max_gradient":0.0600260417,
        "skewness":-2.4409422375,
        "kurtosis":7.3397666495,
        "mean_gradient":0.0,
        "max_gradient":0.0
    },
    {
        "absolute_time_point":1.9311926606,
        "absolute_change":0.893442623,
        "mean_of_mean_gradient":0.0014177795,
        "max_of_max_gradient":0.0600260417,
        "skewness":-2.4409422375,
        "kurtosis":7.3397666495,
        "mean_gradient":0.0013183594,
        "max_gradient":0.0052083333
    },
    {
        "absolute_time_point":1.9311926606,
        "absolute_change":0.893442623,
        "mean_of_mean_gradient":0.0014177795,
        "max_of_max_gradient":0.0600260417,
        "skewness":-2.4409422375,
        "kurtosis":7.3397666495,
        "mean_gradient":0.0,
        "max_gradient":0.0
    },
    {
        "absolute_time_point":1.9311926606,
        "absolute_change":0.893442623,
        "mean_of_mean_gradient":0.0014177795,
        "max_of_max_gradient":0.0600260417,
        "skewness":-2.4409422375,
        "kurtosis":7.3397666495,
        "mean_gradient":0.0015136719,
        "max_gradient":0.0080729167
    },
    {
        "absolute_time_point":1.9311926606,
        "absolute_change":0.893442623,
        "mean_of_mean_gradient":0.0014177795,
        "max_of_max_gradient":0.0600260417,
        "skewness":-2.4409422375,
        "kurtosis":7.3397666495,
        "mean_gradient":0.0,
        "max_gradient":0.0
    },
    {
        "absolute_time_point":1.9311926606,
        "absolute_change":0.893442623,
        "mean_of_mean_gradient":0.0014177795,
        "max_of_max_gradient":0.0600260417,
        "skewness":-2.4409422375,
        "kurtosis":7.3397666495,
        "mean_gradient":0.0006655093,
        "max_gradient":0.0029947917
    },
    {
        "absolute_time_point":1.9311926606,
        "absolute_change":0.893442623,
        "mean_of_mean_gradient":0.0014177795,
        "max_of_max_gradient":0.0600260417,
        "skewness":-2.4409422375,
        "kurtosis":7.3397666495,
        "mean_gradient":0.0,
        "max_gradient":0.0
    }
]