[
    {
        "absolute_time_point":2.4081632653,
        "absolute_change":0.765625,
        "mean_of_mean_gradient":0.0017108065,
        "max_of_max_gradient":0.0327447567,
        "skewness":-2.5526289997,
        "kurtosis":5.5368629415,
        "mean_gradient":0.0062950759,
        "max_gradient":0.0327447567
    },
    {
        "absolute_time_point":2.4081632653,
        "absolute_change":0.765625,
        "mean_of_mean_gradient":0.0017108065,
        "max_of_max_gradient":0.0327447567,
        "skewness":-2.5526289997,
        "kurtosis":5.5368629415,
        "mean_gradient":0.0003347809,
        "max_gradient":0.0017408605
    },
    {
        "absolute_time_point":2.4081632653,
        "absolute_change":0.765625,
        "mean_of_mean_gradient":0.0017108065,
        "max_of_max_gradient":0.0327447567,
        "skewness":-2.5526289997,
        "kurtosis":5.5368629415,
        "mean_gradient":0.0013382125,
        "max_gradient":0.0058028683
    },
    {
        "absolute_time_point":2.4081632653,
        "absolute_change":0.765625,
        "mean_of_mean_gradient":0.0017108065,
        "max_of_max_gradient":0.0327447567,
        "skewness":-2.5526289997,
        "kurtosis":5.5368629415,
        "mean_gradient":0.0008859736,
        "max_gradient":0.0037304153
    },
    {
        "absolute_time_point":2.4081632653,
        "absolute_change":0.765625,
        "mean_of_mean_gradient":0.0017108065,
        "max_of_max_gradient":0.0327447567,
        "skewness":-2.5526289997,
        "kurtosis":5.5368629415,
        "mean_gradient":0.000352317,
        "max_gradient":0.001409268
    },
    {
        "absolute_time_point":2.4081632653,
        "absolute_change":0.765625,
        "mean_of_mean_gradient":0.0017108065,
        "max_of_max_gradient":0.0327447567,
        "skewness":-2.5526289997,
        "kurtosis":5.5368629415,
        "mean_gradient":0.0015999337,
        "max_gradient":0.0043521512
    },
    {
        "absolute_time_point":2.4081632653,
        "absolute_change":0.765625,
        "mean_of_mean_gradient":0.0017108065,
        "max_of_max_gradient":0.0327447567,
        "skewness":-2.5526289997,
        "kurtosis":5.5368629415,
        "mean_gradient":0.0089032579,
        "max_gradient":0.0296775263
    },
    {
        "absolute_time_point":2.4081632653,
        "absolute_change":0.765625,
        "mean_of_mean_gradient":0.0017108065,
        "max_of_max_gradient":0.0327447567,
        "skewness":-2.5526289997,
        "kurtosis":5.5368629415,
        "mean_gradient":0.0010258642,
        "max_gradient":0.0027356379
    },
    {
        "absolute_time_point":2.4081632653,
        "absolute_change":0.765625,
        "mean_of_mean_gradient":0.0017108065,
        "max_of_max_gradient":0.0327447567,
        "skewness":-2.5526289997,
        "kurtosis":5.5368629415,
        "mean_gradient":0.0008289812,
        "max_gradient":0.0029014341
    },
    {
        "absolute_time_point":2.4081632653,
        "absolute_change":0.765625,
        "mean_of_mean_gradient":0.0017108065,
        "max_of_max_gradient":0.0327447567,
        "skewness":-2.5526289997,
        "kurtosis":5.5368629415,
        "mean_gradient":0.0006528227,
        "max_gradient":0.0014921661
    },
    {
        "absolute_time_point":2.4081632653,
        "absolute_change":0.765625,
        "mean_of_mean_gradient":0.0017108065,
        "max_of_max_gradient":0.0327447567,
        "skewness":-2.5526289997,
        "kurtosis":5.5368629415,
        "mean_gradient":0.00112373,
        "max_gradient":0.0029428832
    },
    {
        "absolute_time_point":2.4081632653,
        "absolute_change":0.765625,
        "mean_of_mean_gradient":0.0017108065,
        "max_of_max_gradient":0.0327447567,
        "skewness":-2.5526289997,
        "kurtosis":5.5368629415,
        "mean_gradient":0.0016165133,
        "max_gradient":0.0064660532
    },
    {
        "absolute_time_point":2.4081632653,
        "absolute_change":0.765625,
        "mean_of_mean_gradient":0.0017108065,
        "max_of_max_gradient":0.0327447567,
        "skewness":-2.5526289997,
        "kurtosis":5.5368629415,
        "mean_gradient":0.0000736872,
        "max_gradient":0.0003315925
    },
    {
        "absolute_time_point":2.4081632653,
        "absolute_change":0.765625,
        "mean_of_mean_gradient":0.0017108065,
        "max_of_max_gradient":0.0327447567,
        "skewness":-2.5526289997,
        "kurtosis":5.5368629415,
        "mean_gradient":0.0006309468,
        "max_gradient":0.0017823095
    },
    {
        "absolute_time_point":2.4081632653,
        "absolute_change":0.765625,
        "mean_of_mean_gradient":0.0017108065,
        "max_of_max_gradient":0.0327447567,
        "skewness":-2.5526289997,
        "kurtosis":5.5368629415,
        "mean_gradient":0.0,
        "max_gradient":0.0
    }
]