[
    {
        "absolute_time_point":2.2813559322,
        "absolute_change":0.7412060302,
        "mean_of_mean_gradient":0.001650484,
        "max_of_max_gradient":0.0280672959,
        "skewness":-0.9680619018,
        "kurtosis":-0.4110222955,
        "mean_gradient":0.0021432404,
        "max_gradient":0.010586787
    },
    {
        "absolute_time_point":2.2813559322,
        "absolute_change":0.7412060302,
        "mean_of_mean_gradient":0.001650484,
        "max_of_max_gradient":0.0280672959,
        "skewness":-0.9680619018,
        "kurtosis":-0.4110222955,
        "mean_gradient":0.0007098892,
        "max_gradient":0.0022158391
    },
    {
        "absolute_time_point":2.2813559322,
        "absolute_change":0.7412060302,
        "mean_of_mean_gradient":0.001650484,
        "max_of_max_gradient":0.0280672959,
        "skewness":-0.9680619018,
        "kurtosis":-0.4110222955,
        "mean_gradient":0.0036084325,
        "max_gradient":0.0083299138
    },
    {
        "absolute_time_point":2.2813559322,
        "absolute_change":0.7412060302,
        "mean_of_mean_gradient":0.001650484,
        "max_of_max_gradient":0.0280672959,
        "skewness":-0.9680619018,
        "kurtosis":-0.4110222955,
        "mean_gradient":0.0017029134,
        "max_gradient":0.0053344276
    },
    {
        "absolute_time_point":2.2813559322,
        "absolute_change":0.7412060302,
        "mean_of_mean_gradient":0.001650484,
        "max_of_max_gradient":0.0280672959,
        "skewness":-0.9680619018,
        "kurtosis":-0.4110222955,
        "mean_gradient":0.0029578717,
        "max_gradient":0.010545753
    },
    {
        "absolute_time_point":2.2813559322,
        "absolute_change":0.7412060302,
        "mean_of_mean_gradient":0.001650484,
        "max_of_max_gradient":0.0280672959,
        "skewness":-0.9680619018,
        "kurtosis":-0.4110222955,
        "mean_gradient":0.0040330617,
        "max_gradient":0.0129667624
    },
    {
        "absolute_time_point":2.2813559322,
        "absolute_change":0.7412060302,
        "mean_of_mean_gradient":0.001650484,
        "max_of_max_gradient":0.0280672959,
        "skewness":-0.9680619018,
        "kurtosis":-0.4110222955,
        "mean_gradient":0.0023635618,
        "max_gradient":0.0054985638
    },
    {
        "absolute_time_point":2.2813559322,
        "absolute_change":0.7412060302,
        "mean_of_mean_gradient":0.001650484,
        "max_of_max_gradient":0.0280672959,
        "skewness":-0.9680619018,
        "kurtosis":-0.4110222955,
        "mean_gradient":0.0105252359,
        "max_gradient":0.0280672959
    },
    {
        "absolute_time_point":2.2813559322,
        "absolute_change":0.7412060302,
        "mean_of_mean_gradient":0.001650484,
        "max_of_max_gradient":0.0280672959,
        "skewness":-0.9680619018,
        "kurtosis":-0.4110222955,
        "mean_gradient":0.0057365613,
        "max_gradient":0.0191218712
    },
    {
        "absolute_time_point":2.2813559322,
        "absolute_change":0.7412060302,
        "mean_of_mean_gradient":0.001650484,
        "max_of_max_gradient":0.0280672959,
        "skewness":-0.9680619018,
        "kurtosis":-0.4110222955,
        "mean_gradient":0.0047941458,
        "max_gradient":0.0141977842
    },
    {
        "absolute_time_point":2.2813559322,
        "absolute_change":0.7412060302,
        "mean_of_mean_gradient":0.001650484,
        "max_of_max_gradient":0.0280672959,
        "skewness":-0.9680619018,
        "kurtosis":-0.4110222955,
        "mean_gradient":0.0041290521,
        "max_gradient":0.0089454247
    },
    {
        "absolute_time_point":2.2813559322,
        "absolute_change":0.7412060302,
        "mean_of_mean_gradient":0.001650484,
        "max_of_max_gradient":0.0280672959,
        "skewness":-0.9680619018,
        "kurtosis":-0.4110222955,
        "mean_gradient":0.0013695117,
        "max_gradient":0.0052523595
    },
    {
        "absolute_time_point":2.2813559322,
        "absolute_change":0.7412060302,
        "mean_of_mean_gradient":0.001650484,
        "max_of_max_gradient":0.0280672959,
        "skewness":-0.9680619018,
        "kurtosis":-0.4110222955,
        "mean_gradient":0.0068691014,
        "max_gradient":0.0152236356
    },
    {
        "absolute_time_point":2.2813559322,
        "absolute_change":0.7412060302,
        "mean_of_mean_gradient":0.001650484,
        "max_of_max_gradient":0.0280672959,
        "skewness":-0.9680619018,
        "kurtosis":-0.4110222955,
        "mean_gradient":0.0030716924,
        "max_gradient":0.0131308986
    },
    {
        "absolute_time_point":2.2813559322,
        "absolute_change":0.7412060302,
        "mean_of_mean_gradient":0.001650484,
        "max_of_max_gradient":0.0280672959,
        "skewness":-0.9680619018,
        "kurtosis":-0.4110222955,
        "mean_gradient":0.0020188757,
        "max_gradient":0.0060730406
    },
    {
        "absolute_time_point":2.2813559322,
        "absolute_change":0.7412060302,
        "mean_of_mean_gradient":0.001650484,
        "max_of_max_gradient":0.0280672959,
        "skewness":-0.9680619018,
        "kurtosis":-0.4110222955,
        "mean_gradient":0.0062166598,
        "max_gradient":0.0165777595
    },
    {
        "absolute_time_point":2.2813559322,
        "absolute_change":0.7412060302,
        "mean_of_mean_gradient":0.001650484,
        "max_of_max_gradient":0.0280672959,
        "skewness":-0.9680619018,
        "kurtosis":-0.4110222955,
        "mean_gradient":0.0,
        "max_gradient":0.0
    },
    {
        "absolute_time_point":2.2813559322,
        "absolute_change":0.7412060302,
        "mean_of_mean_gradient":0.001650484,
        "max_of_max_gradient":0.0280672959,
        "skewness":-0.9680619018,
        "kurtosis":-0.4110222955,
        "mean_gradient":0.0100636028,
        "max_gradient":0.0268362741
    },
    {
        "absolute_time_point":2.2813559322,
        "absolute_change":0.7412060302,
        "mean_of_mean_gradient":0.001650484,
        "max_of_max_gradient":0.0280672959,
        "skewness":-0.9680619018,
        "kurtosis":-0.4110222955,
        "mean_gradient":0.0067090685,
        "max_gradient":0.0178908494
    },
    {
        "absolute_time_point":2.2813559322,
        "absolute_change":0.7412060302,
        "mean_of_mean_gradient":0.001650484,
        "max_of_max_gradient":0.0280672959,
        "skewness":-0.9680619018,
        "kurtosis":-0.4110222955,
        "mean_gradient":0.0047086582,
        "max_gradient":0.0125564218
    },
    {
        "absolute_time_point":2.2813559322,
        "absolute_change":0.7412060302,
        "mean_of_mean_gradient":0.001650484,
        "max_of_max_gradient":0.0280672959,
        "skewness":-0.9680619018,
        "kurtosis":-0.4110222955,
        "mean_gradient":0.0019422788,
        "max_gradient":0.0075502667
    },
    {
        "absolute_time_point":2.2813559322,
        "absolute_change":0.7412060302,
        "mean_of_mean_gradient":0.001650484,
        "max_of_max_gradient":0.0280672959,
        "skewness":-0.9680619018,
        "kurtosis":-0.4110222955,
        "mean_gradient":0.0009355765,
        "max_gradient":0.0023389413
    },
    {
        "absolute_time_point":2.2813559322,
        "absolute_change":0.7412060302,
        "mean_of_mean_gradient":0.001650484,
        "max_of_max_gradient":0.0280672959,
        "skewness":-0.9680619018,
        "kurtosis":-0.4110222955,
        "mean_gradient":0.0075092327,
        "max_gradient":0.0250307755
    },
    {
        "absolute_time_point":2.2813559322,
        "absolute_change":0.7412060302,
        "mean_of_mean_gradient":0.001650484,
        "max_of_max_gradient":0.0280672959,
        "skewness":-0.9680619018,
        "kurtosis":-0.4110222955,
        "mean_gradient":0.0040008207,
        "max_gradient":0.0118998769
    },
    {
        "absolute_time_point":2.2813559322,
        "absolute_change":0.7412060302,
        "mean_of_mean_gradient":0.001650484,
        "max_of_max_gradient":0.0280672959,
        "skewness":-0.9680619018,
        "kurtosis":-0.4110222955,
        "mean_gradient":0.0070783751,
        "max_gradient":0.0188756668
    },
    {
        "absolute_time_point":2.2813559322,
        "absolute_change":0.7412060302,
        "mean_of_mean_gradient":0.001650484,
        "max_of_max_gradient":0.0280672959,
        "skewness":-0.9680619018,
        "kurtosis":-0.4110222955,
        "mean_gradient":0.0,
        "max_gradient":0.0
    },
    {
        "absolute_time_point":2.2813559322,
        "absolute_change":0.7412060302,
        "mean_of_mean_gradient":0.001650484,
        "max_of_max_gradient":0.0280672959,
        "skewness":-0.9680619018,
        "kurtosis":-0.4110222955,
        "mean_gradient":0.0010586787,
        "max_gradient":0.003528929
    },
    {
        "absolute_time_point":2.2813559322,
        "absolute_change":0.7412060302,
        "mean_of_mean_gradient":0.001650484,
        "max_of_max_gradient":0.0280672959,
        "skewness":-0.9680619018,
        "kurtosis":-0.4110222955,
        "mean_gradient":0.0024620435,
        "max_gradient":0.0082068117
    },
    {
        "absolute_time_point":2.2813559322,
        "absolute_change":0.7412060302,
        "mean_of_mean_gradient":0.001650484,
        "max_of_max_gradient":0.0280672959,
        "skewness":-0.9680619018,
        "kurtosis":-0.4110222955,
        "mean_gradient":0.0007745178,
        "max_gradient":0.0033647928
    },
    {
        "absolute_time_point":2.2813559322,
        "absolute_change":0.7412060302,
        "mean_of_mean_gradient":0.001650484,
        "max_of_max_gradient":0.0280672959,
        "skewness":-0.9680619018,
        "kurtosis":-0.4110222955,
        "mean_gradient":0.0013062509,
        "max_gradient":0.0048420189
    },
    {
        "absolute_time_point":2.2813559322,
        "absolute_change":0.7412060302,
        "mean_of_mean_gradient":0.001650484,
        "max_of_max_gradient":0.0280672959,
        "skewness":-0.9680619018,
        "kurtosis":-0.4110222955,
        "mean_gradient":0.0002154288,
        "max_gradient":0.0005744768
    },
    {
        "absolute_time_point":2.2813559322,
        "absolute_change":0.7412060302,
        "mean_of_mean_gradient":0.001650484,
        "max_of_max_gradient":0.0280672959,
        "skewness":-0.9680619018,
        "kurtosis":-0.4110222955,
        "mean_gradient":0.0,
        "max_gradient":0.0
    },
    {
        "absolute_time_point":2.2813559322,
        "absolute_change":0.7412060302,
        "mean_of_mean_gradient":0.001650484,
        "max_of_max_gradient":0.0280672959,
        "skewness":-0.9680619018,
        "kurtosis":-0.4110222955,
        "mean_gradient":0.0040623718,
        "max_gradient":0.0108329914
    },
    {
        "absolute_time_point":2.2813559322,
        "absolute_change":0.7412060302,
        "mean_of_mean_gradient":0.001650484,
        "max_of_max_gradient":0.0280672959,
        "skewness":-0.9680619018,
        "kurtosis":-0.4110222955,
        "mean_gradient":0.0009164273,
        "max_gradient":0.0027492819
    },
    {
        "absolute_time_point":2.2813559322,
        "absolute_change":0.7412060302,
        "mean_of_mean_gradient":0.001650484,
        "max_of_max_gradient":0.0280672959,
        "skewness":-0.9680619018,
        "kurtosis":-0.4110222955,
        "mean_gradient":0.001657776,
        "max_gradient":0.0038572015
    },
    {
        "absolute_time_point":2.2813559322,
        "absolute_change":0.7412060302,
        "mean_of_mean_gradient":0.001650484,
        "max_of_max_gradient":0.0280672959,
        "skewness":-0.9680619018,
        "kurtosis":-0.4110222955,
        "mean_gradient":0.002133771,
        "max_gradient":0.0064013131
    },
    {
        "absolute_time_point":2.2813559322,
        "absolute_change":0.7412060302,
        "mean_of_mean_gradient":0.001650484,
        "max_of_max_gradient":0.0280672959,
        "skewness":-0.9680619018,
        "kurtosis":-0.4110222955,
        "mean_gradient":0.0011284366,
        "max_gradient":0.0054164957
    },
    {
        "absolute_time_point":2.2813559322,
        "absolute_change":0.7412060302,
        "mean_of_mean_gradient":0.001650484,
        "max_of_max_gradient":0.0280672959,
        "skewness":-0.9680619018,
        "kurtosis":-0.4110222955,
        "mean_gradient":0.0004595815,
        "max_gradient":0.0011489536
    },
    {
        "absolute_time_point":2.2813559322,
        "absolute_change":0.7412060302,
        "mean_of_mean_gradient":0.001650484,
        "max_of_max_gradient":0.0280672959,
        "skewness":-0.9680619018,
        "kurtosis":-0.4110222955,
        "mean_gradient":0.0022876487,
        "max_gradient":0.0076733689
    },
    {
        "absolute_time_point":2.2813559322,
        "absolute_change":0.7412060302,
        "mean_of_mean_gradient":0.001650484,
        "max_of_max_gradient":0.0280672959,
        "skewness":-0.9680619018,
        "kurtosis":-0.4110222955,
        "mean_gradient":0.000732751,
        "max_gradient":0.0025441116
    },
    {
        "absolute_time_point":2.2813559322,
        "absolute_change":0.7412060302,
        "mean_of_mean_gradient":0.001650484,
        "max_of_max_gradient":0.0280672959,
        "skewness":-0.9680619018,
        "kurtosis":-0.4110222955,
        "mean_gradient":0.0009027493,
        "max_gradient":0.002133771
    },
    {
        "absolute_time_point":2.2813559322,
        "absolute_change":0.7412060302,
        "mean_of_mean_gradient":0.001650484,
        "max_of_max_gradient":0.0280672959,
        "skewness":-0.9680619018,
        "kurtosis":-0.4110222955,
        "mean_gradient":0.0,
        "max_gradient":0.0
    },
    {
        "absolute_time_point":2.2813559322,
        "absolute_change":0.7412060302,
        "mean_of_mean_gradient":0.001650484,
        "max_of_max_gradient":0.0280672959,
        "skewness":-0.9680619018,
        "kurtosis":-0.4110222955,
        "mean_gradient":0.0014526057,
        "max_gradient":0.0048420189
    },
    {
        "absolute_time_point":2.2813559322,
        "absolute_change":0.7412060302,
        "mean_of_mean_gradient":0.001650484,
        "max_of_max_gradient":0.0280672959,
        "skewness":-0.9680619018,
        "kurtosis":-0.4110222955,
        "mean_gradient":0.0024620435,
        "max_gradient":0.0082068117
    },
    {
        "absolute_time_point":2.2813559322,
        "absolute_change":0.7412060302,
        "mean_of_mean_gradient":0.001650484,
        "max_of_max_gradient":0.0280672959,
        "skewness":-0.9680619018,
        "kurtosis":-0.4110222955,
        "mean_gradient":0.0003465098,
        "max_gradient":0.0011079196
    },
    {
        "absolute_time_point":2.2813559322,
        "absolute_change":0.7412060302,
        "mean_of_mean_gradient":0.001650484,
        "max_of_max_gradient":0.0280672959,
        "skewness":-0.9680619018,
        "kurtosis":-0.4110222955,
        "mean_gradient":0.0002544112,
        "max_gradient":0.0012310217
    },
    {
        "absolute_time_point":2.2813559322,
        "absolute_change":0.7412060302,
        "mean_of_mean_gradient":0.001650484,
        "max_of_max_gradient":0.0280672959,
        "skewness":-0.9680619018,
        "kurtosis":-0.4110222955,
        "mean_gradient":0.0004220646,
        "max_gradient":0.0014772261
    },
    {
        "absolute_time_point":2.2813559322,
        "absolute_change":0.7412060302,
        "mean_of_mean_gradient":0.001650484,
        "max_of_max_gradient":0.0280672959,
        "skewness":-0.9680619018,
        "kurtosis":-0.4110222955,
        "mean_gradient":0.0009519902,
        "max_gradient":0.0023799754
    },
    {
        "absolute_time_point":2.2813559322,
        "absolute_change":0.7412060302,
        "mean_of_mean_gradient":0.001650484,
        "max_of_max_gradient":0.0280672959,
        "skewness":-0.9680619018,
        "kurtosis":-0.4110222955,
        "mean_gradient":0.0007693886,
        "max_gradient":0.0030775544
    },
    {
        "absolute_time_point":2.2813559322,
        "absolute_change":0.7412060302,
        "mean_of_mean_gradient":0.001650484,
        "max_of_max_gradient":0.0280672959,
        "skewness":-0.9680619018,
        "kurtosis":-0.4110222955,
        "mean_gradient":0.0012720558,
        "max_gradient":0.002133771
    },
    {
        "absolute_time_point":2.2813559322,
        "absolute_change":0.7412060302,
        "mean_of_mean_gradient":0.001650484,
        "max_of_max_gradient":0.0280672959,
        "skewness":-0.9680619018,
        "kurtosis":-0.4110222955,
        "mean_gradient":0.0003165484,
        "max_gradient":0.0022158391
    },
    {
        "absolute_time_point":2.2813559322,
        "absolute_change":0.7412060302,
        "mean_of_mean_gradient":0.001650484,
        "max_of_max_gradient":0.0280672959,
        "skewness":-0.9680619018,
        "kurtosis":-0.4110222955,
        "mean_gradient":0.0004220646,
        "max_gradient":0.0014772261
    },
    {
        "absolute_time_point":2.2813559322,
        "absolute_change":0.7412060302,
        "mean_of_mean_gradient":0.001650484,
        "max_of_max_gradient":0.0280672959,
        "skewness":-0.9680619018,
        "kurtosis":-0.4110222955,
        "mean_gradient":0.0006155109,
        "max_gradient":0.0018465326
    },
    {
        "absolute_time_point":2.2813559322,
        "absolute_change":0.7412060302,
        "mean_of_mean_gradient":0.001650484,
        "max_of_max_gradient":0.0280672959,
        "skewness":-0.9680619018,
        "kurtosis":-0.4110222955,
        "mean_gradient":0.0015839146,
        "max_gradient":0.003528929
    },
    {
        "absolute_time_point":2.2813559322,
        "absolute_change":0.7412060302,
        "mean_of_mean_gradient":0.001650484,
        "max_of_max_gradient":0.0280672959,
        "skewness":-0.9680619018,
        "kurtosis":-0.4110222955,
        "mean_gradient":0.0002359458,
        "max_gradient":0.0007796471
    },
    {
        "absolute_time_point":2.2813559322,
        "absolute_change":0.7412060302,
        "mean_of_mean_gradient":0.001650484,
        "max_of_max_gradient":0.0280672959,
        "skewness":-0.9680619018,
        "kurtosis":-0.4110222955,
        "mean_gradient":0.0014596401,
        "max_gradient":0.0041854739
    },
    {
        "absolute_time_point":2.2813559322,
        "absolute_change":0.7412060302,
        "mean_of_mean_gradient":0.001650484,
        "max_of_max_gradient":0.0280672959,
        "skewness":-0.9680619018,
        "kurtosis":-0.4110222955,
        "mean_gradient":0.0,
        "max_gradient":0.0
    },
    {
        "absolute_time_point":2.2813559322,
        "absolute_change":0.7412060302,
        "mean_of_mean_gradient":0.001650484,
        "max_of_max_gradient":0.0280672959,
        "skewness":-0.9680619018,
        "kurtosis":-0.4110222955,
        "mean_gradient":0.0010961956,
        "max_gradient":0.0031596225
    },
    {
        "absolute_time_point":2.2813559322,
        "absolute_change":0.7412060302,
        "mean_of_mean_gradient":0.001650484,
        "max_of_max_gradient":0.0280672959,
        "skewness":-0.9680619018,
        "kurtosis":-0.4110222955,
        "mean_gradient":0.0008206812,
        "max_gradient":0.002790316
    },
    {
        "absolute_time_point":2.2813559322,
        "absolute_change":0.7412060302,
        "mean_of_mean_gradient":0.001650484,
        "max_of_max_gradient":0.0280672959,
        "skewness":-0.9680619018,
        "kurtosis":-0.4110222955,
        "mean_gradient":0.0001692655,
        "max_gradient":0.0009027493
    },
    {
        "absolute_time_point":2.2813559322,
        "absolute_change":0.7412060302,
        "mean_of_mean_gradient":0.001650484,
        "max_of_max_gradient":0.0280672959,
        "skewness":-0.9680619018,
        "kurtosis":-0.4110222955,
        "mean_gradient":0.0001699982,
        "max_gradient":0.0005334428
    },
    {
        "absolute_time_point":2.2813559322,
        "absolute_change":0.7412060302,
        "mean_of_mean_gradient":0.001650484,
        "max_of_max_gradient":0.0280672959,
        "skewness":-0.9680619018,
        "kurtosis":-0.4110222955,
        "mean_gradient":0.0013541239,
        "max_gradient":0.0045137464
    },
    {
        "absolute_time_point":2.2813559322,
        "absolute_change":0.7412060302,
        "mean_of_mean_gradient":0.001650484,
        "max_of_max_gradient":0.0280672959,
        "skewness":-0.9680619018,
        "kurtosis":-0.4110222955,
        "mean_gradient":0.0005744768,
        "max_gradient":0.0017234304
    },
    {
        "absolute_time_point":2.2813559322,
        "absolute_change":0.7412060302,
        "mean_of_mean_gradient":0.001650484,
        "max_of_max_gradient":0.0280672959,
        "skewness":-0.9680619018,
        "kurtosis":-0.4110222955,
        "mean_gradient":0.0011797292,
        "max_gradient":0.00283135
    },
    {
        "absolute_time_point":2.2813559322,
        "absolute_change":0.7412060302,
        "mean_of_mean_gradient":0.001650484,
        "max_of_max_gradient":0.0280672959,
        "skewness":-0.9680619018,
        "kurtosis":-0.4110222955,
        "mean_gradient":0.0003510692,
        "max_gradient":0.0010258515
    },
    {
        "absolute_time_point":2.2813559322,
        "absolute_change":0.7412060302,
        "mean_of_mean_gradient":0.001650484,
        "max_of_max_gradient":0.0280672959,
        "skewness":-0.9680619018,
        "kurtosis":-0.4110222955,
        "mean_gradient":0.0008155519,
        "max_gradient":0.0018465326
    },
    {
        "absolute_time_point":2.2813559322,
        "absolute_change":0.7412060302,
        "mean_of_mean_gradient":0.001650484,
        "max_of_max_gradient":0.0280672959,
        "skewness":-0.9680619018,
        "kurtosis":-0.4110222955,
        "mean_gradient":0.0005847353,
        "max_gradient":0.0031185884
    },
    {
        "absolute_time_point":2.2813559322,
        "absolute_change":0.7412060302,
        "mean_of_mean_gradient":0.001650484,
        "max_of_max_gradient":0.0280672959,
        "skewness":-0.9680619018,
        "kurtosis":-0.4110222955,
        "mean_gradient":0.0001743947,
        "max_gradient":0.000697579
    },
    {
        "absolute_time_point":2.2813559322,
        "absolute_change":0.7412060302,
        "mean_of_mean_gradient":0.001650484,
        "max_of_max_gradient":0.0280672959,
        "skewness":-0.9680619018,
        "kurtosis":-0.4110222955,
        "mean_gradient":0.0010434375,
        "max_gradient":0.0022979073
    },
    {
        "absolute_time_point":2.2813559322,
        "absolute_change":0.7412060302,
        "mean_of_mean_gradient":0.001650484,
        "max_of_max_gradient":0.0280672959,
        "skewness":-0.9680619018,
        "kurtosis":-0.4110222955,
        "mean_gradient":0.0017292925,
        "max_gradient":0.0068116537
    },
    {
        "absolute_time_point":2.2813559322,
        "absolute_change":0.7412060302,
        "mean_of_mean_gradient":0.001650484,
        "max_of_max_gradient":0.0280672959,
        "skewness":-0.9680619018,
        "kurtosis":-0.4110222955,
        "mean_gradient":0.0,
        "max_gradient":0.0
    },
    {
        "absolute_time_point":2.2813559322,
        "absolute_change":0.7412060302,
        "mean_of_mean_gradient":0.001650484,
        "max_of_max_gradient":0.0280672959,
        "skewness":-0.9680619018,
        "kurtosis":-0.4110222955,
        "mean_gradient":0.0007561991,
        "max_gradient":0.0025441116
    },
    {
        "absolute_time_point":2.2813559322,
        "absolute_change":0.7412060302,
        "mean_of_mean_gradient":0.001650484,
        "max_of_max_gradient":0.0280672959,
        "skewness":-0.9680619018,
        "kurtosis":-0.4110222955,
        "mean_gradient":0.0010551615,
        "max_gradient":0.0031185884
    },
    {
        "absolute_time_point":2.2813559322,
        "absolute_change":0.7412060302,
        "mean_of_mean_gradient":0.001650484,
        "max_of_max_gradient":0.0280672959,
        "skewness":-0.9680619018,
        "kurtosis":-0.4110222955,
        "mean_gradient":0.0002974969,
        "max_gradient":0.000738613
    },
    {
        "absolute_time_point":2.2813559322,
        "absolute_change":0.7412060302,
        "mean_of_mean_gradient":0.001650484,
        "max_of_max_gradient":0.0280672959,
        "skewness":-0.9680619018,
        "kurtosis":-0.4110222955,
        "mean_gradient":0.001180869,
        "max_gradient":0.0048420189
    },
    {
        "absolute_time_point":2.2813559322,
        "absolute_change":0.7412060302,
        "mean_of_mean_gradient":0.001650484,
        "max_of_max_gradient":0.0280672959,
        "skewness":-0.9680619018,
        "kurtosis":-0.4110222955,
        "mean_gradient":0.0,
        "max_gradient":0.0
    },
    {
        "absolute_time_point":2.2813559322,
        "absolute_change":0.7412060302,
        "mean_of_mean_gradient":0.001650484,
        "max_of_max_gradient":0.0280672959,
        "skewness":-0.9680619018,
        "kurtosis":-0.4110222955,
        "mean_gradient":0.0003446861,
        "max_gradient":0.0011489536
    },
    {
        "absolute_time_point":2.2813559322,
        "absolute_change":0.7412060302,
        "mean_of_mean_gradient":0.001650484,
        "max_of_max_gradient":0.0280672959,
        "skewness":-0.9680619018,
        "kurtosis":-0.4110222955,
        "mean_gradient":0.0009027493,
        "max_gradient":0.0027082478
    },
    {
        "absolute_time_point":2.2813559322,
        "absolute_change":0.7412060302,
        "mean_of_mean_gradient":0.001650484,
        "max_of_max_gradient":0.0280672959,
        "skewness":-0.9680619018,
        "kurtosis":-0.4110222955,
        "mean_gradient":0.000697579,
        "max_gradient":0.002092737
    },
    {
        "absolute_time_point":2.2813559322,
        "absolute_change":0.7412060302,
        "mean_of_mean_gradient":0.001650484,
        "max_of_max_gradient":0.0280672959,
        "skewness":-0.9680619018,
        "kurtosis":-0.4110222955,
        "mean_gradient":0.0004220646,
        "max_gradient":0.0014772261
    },
    {
        "absolute_time_point":2.2813559322,
        "absolute_change":0.7412060302,
        "mean_of_mean_gradient":0.001650484,
        "max_of_max_gradient":0.0280672959,
        "skewness":-0.9680619018,
        "kurtosis":-0.4110222955,
        "mean_gradient":0.0006278211,
        "max_gradient":0.0025441116
    },
    {
        "absolute_time_point":2.2813559322,
        "absolute_change":0.7412060302,
        "mean_of_mean_gradient":0.001650484,
        "max_of_max_gradient":0.0280672959,
        "skewness":-0.9680619018,
        "kurtosis":-0.4110222955,
        "mean_gradient":0.0006656636,
        "max_gradient":0.002133771
    },
    {
        "absolute_time_point":2.2813559322,
        "absolute_change":0.7412060302,
        "mean_of_mean_gradient":0.001650484,
        "max_of_max_gradient":0.0280672959,
        "skewness":-0.9680619018,
        "kurtosis":-0.4110222955,
        "mean_gradient":0.000697579,
        "max_gradient":0.002790316
    },
    {
        "absolute_time_point":2.2813559322,
        "absolute_change":0.7412060302,
        "mean_of_mean_gradient":0.001650484,
        "max_of_max_gradient":0.0280672959,
        "skewness":-0.9680619018,
        "kurtosis":-0.4110222955,
        "mean_gradient":0.0002051703,
        "max_gradient":0.000738613
    },
    {
        "absolute_time_point":2.2813559322,
        "absolute_change":0.7412060302,
        "mean_of_mean_gradient":0.001650484,
        "max_of_max_gradient":0.0280672959,
        "skewness":-0.9680619018,
        "kurtosis":-0.4110222955,
        "mean_gradient":0.000703441,
        "max_gradient":0.0024620435
    },
    {
        "absolute_time_point":2.2813559322,
        "absolute_change":0.7412060302,
        "mean_of_mean_gradient":0.001650484,
        "max_of_max_gradient":0.0280672959,
        "skewness":-0.9680619018,
        "kurtosis":-0.4110222955,
        "mean_gradient":0.0005041327,
        "max_gradient":0.0016413623
    },
    {
        "absolute_time_point":2.2813559322,
        "absolute_change":0.7412060302,
        "mean_of_mean_gradient":0.001650484,
        "max_of_max_gradient":0.0280672959,
        "skewness":-0.9680619018,
        "kurtosis":-0.4110222955,
        "mean_gradient":0.0011170383,
        "max_gradient":0.0036930652
    },
    {
        "absolute_time_point":2.2813559322,
        "absolute_change":0.7412060302,
        "mean_of_mean_gradient":0.001650484,
        "max_of_max_gradient":0.0280672959,
        "skewness":-0.9680619018,
        "kurtosis":-0.4110222955,
        "mean_gradient":0.0000820681,
        "max_gradient":0.0003282725
    },
    {
        "absolute_time_point":2.2813559322,
        "absolute_change":0.7412060302,
        "mean_of_mean_gradient":0.001650484,
        "max_of_max_gradient":0.0280672959,
        "skewness":-0.9680619018,
        "kurtosis":-0.4110222955,
        "mean_gradient":0.0008968873,
        "max_gradient":0.0018465326
    },
    {
        "absolute_time_point":2.2813559322,
        "absolute_change":0.7412060302,
        "mean_of_mean_gradient":0.001650484,
        "max_of_max_gradient":0.0280672959,
        "skewness":-0.9680619018,
        "kurtosis":-0.4110222955,
        "mean_gradient":0.0003634445,
        "max_gradient":0.0012720558
    },
    {
        "absolute_time_point":2.2813559322,
        "absolute_change":0.7412060302,
        "mean_of_mean_gradient":0.001650484,
        "max_of_max_gradient":0.0280672959,
        "skewness":-0.9680619018,
        "kurtosis":-0.4110222955,
        "mean_gradient":0.0004337886,
        "max_gradient":0.0015182602
    },
    {
        "absolute_time_point":2.2813559322,
        "absolute_change":0.7412060302,
        "mean_of_mean_gradient":0.001650484,
        "max_of_max_gradient":0.0280672959,
        "skewness":-0.9680619018,
        "kurtosis":-0.4110222955,
        "mean_gradient":0.0012146081,
        "max_gradient":0.0029544522
    },
    {
        "absolute_time_point":2.2813559322,
        "absolute_change":0.7412060302,
        "mean_of_mean_gradient":0.001650484,
        "max_of_max_gradient":0.0280672959,
        "skewness":-0.9680619018,
        "kurtosis":-0.4110222955,
        "mean_gradient":0.0001641362,
        "max_gradient":0.0005744768
    },
    {
        "absolute_time_point":2.2813559322,
        "absolute_change":0.7412060302,
        "mean_of_mean_gradient":0.001650484,
        "max_of_max_gradient":0.0280672959,
        "skewness":-0.9680619018,
        "kurtosis":-0.4110222955,
        "mean_gradient":0.0020585419,
        "max_gradient":0.0050061551
    },
    {
        "absolute_time_point":2.2813559322,
        "absolute_change":0.7412060302,
        "mean_of_mean_gradient":0.001650484,
        "max_of_max_gradient":0.0280672959,
        "skewness":-0.9680619018,
        "kurtosis":-0.4110222955,
        "mean_gradient":0.0008411982,
        "max_gradient":0.0031185884
    },
    {
        "absolute_time_point":2.2813559322,
        "absolute_change":0.7412060302,
        "mean_of_mean_gradient":0.001650484,
        "max_of_max_gradient":0.0280672959,
        "skewness":-0.9680619018,
        "kurtosis":-0.4110222955,
        "mean_gradient":0.0003868925,
        "max_gradient":0.0013541239
    },
    {
        "absolute_time_point":2.2813559322,
        "absolute_change":0.7412060302,
        "mean_of_mean_gradient":0.001650484,
        "max_of_max_gradient":0.0280672959,
        "skewness":-0.9680619018,
        "kurtosis":-0.4110222955,
        "mean_gradient":0.0006682689,
        "max_gradient":0.0023389413
    },
    {
        "absolute_time_point":2.2813559322,
        "absolute_change":0.7412060302,
        "mean_of_mean_gradient":0.001650484,
        "max_of_max_gradient":0.0280672959,
        "skewness":-0.9680619018,
        "kurtosis":-0.4110222955,
        "mean_gradient":0.0004650527,
        "max_gradient":0.001395158
    },
    {
        "absolute_time_point":2.2813559322,
        "absolute_change":0.7412060302,
        "mean_of_mean_gradient":0.001650484,
        "max_of_max_gradient":0.0280672959,
        "skewness":-0.9680619018,
        "kurtosis":-0.4110222955,
        "mean_gradient":0.0011817809,
        "max_gradient":0.0039392696
    },
    {
        "absolute_time_point":2.2813559322,
        "absolute_change":0.7412060302,
        "mean_of_mean_gradient":0.001650484,
        "max_of_max_gradient":0.0280672959,
        "skewness":-0.9680619018,
        "kurtosis":-0.4110222955,
        "mean_gradient":0.0008910253,
        "max_gradient":0.002790316
    },
    {
        "absolute_time_point":2.2813559322,
        "absolute_change":0.7412060302,
        "mean_of_mean_gradient":0.001650484,
        "max_of_max_gradient":0.0280672959,
        "skewness":-0.9680619018,
        "kurtosis":-0.4110222955,
        "mean_gradient":0.0006272349,
        "max_gradient":0.0018875667
    },
    {
        "absolute_time_point":2.2813559322,
        "absolute_change":0.7412060302,
        "mean_of_mean_gradient":0.001650484,
        "max_of_max_gradient":0.0280672959,
        "skewness":-0.9680619018,
        "kurtosis":-0.4110222955,
        "mean_gradient":0.0016237763,
        "max_gradient":0.006319245
    },
    {
        "absolute_time_point":2.2813559322,
        "absolute_change":0.7412060302,
        "mean_of_mean_gradient":0.001650484,
        "max_of_max_gradient":0.0280672959,
        "skewness":-0.9680619018,
        "kurtosis":-0.4110222955,
        "mean_gradient":0.0,
        "max_gradient":0.0
    }
]