[
    {
        "absolute_time_point":1.5272727273,
        "absolute_change":0.8461538462,
        "mean_of_mean_gradient":0.0009539145,
        "max_of_max_gradient":0.0917967358,
        "skewness":-2.6389345659,
        "kurtosis":9.2422719357,
        "mean_gradient":0.0,
        "max_gradient":0.0
    },
    {
        "absolute_time_point":1.5272727273,
        "absolute_change":0.8461538462,
        "mean_of_mean_gradient":0.0009539145,
        "max_of_max_gradient":0.0917967358,
        "skewness":-2.6389345659,
        "kurtosis":9.2422719357,
        "mean_gradient":0.0,
        "max_gradient":0.0
    },
    {
        "absolute_time_point":1.5272727273,
        "absolute_change":0.8461538462,
        "mean_of_mean_gradient":0.0009539145,
        "max_of_max_gradient":0.0917967358,
        "skewness":-2.6389345659,
        "kurtosis":9.2422719357,
        "mean_gradient":0.0008641579,
        "max_gradient":0.0034566317
    },
    {
        "absolute_time_point":1.5272727273,
        "absolute_change":0.8461538462,
        "mean_of_mean_gradient":0.0009539145,
        "max_of_max_gradient":0.0917967358,
        "skewness":-2.6389345659,
        "kurtosis":9.2422719357,
        "mean_gradient":0.0005701661,
        "max_gradient":0.0017104982
    },
    {
        "absolute_time_point":1.5272727273,
        "absolute_change":0.8461538462,
        "mean_of_mean_gradient":0.0009539145,
        "max_of_max_gradient":0.0917967358,
        "skewness":-2.6389345659,
        "kurtosis":9.2422719357,
        "mean_gradient":0.00026472,
        "max_gradient":0.0009265198
    },
    {
        "absolute_time_point":1.5272727273,
        "absolute_change":0.8461538462,
        "mean_of_mean_gradient":0.0009539145,
        "max_of_max_gradient":0.0917967358,
        "skewness":-2.6389345659,
        "kurtosis":9.2422719357,
        "mean_gradient":0.0016952259,
        "max_gradient":0.003955527
    },
    {
        "absolute_time_point":1.5272727273,
        "absolute_change":0.8461538462,
        "mean_of_mean_gradient":0.0009539145,
        "max_of_max_gradient":0.0917967358,
        "skewness":-2.6389345659,
        "kurtosis":9.2422719357,
        "mean_gradient":0.0013134182,
        "max_gradient":0.0061292852
    },
    {
        "absolute_time_point":1.5272727273,
        "absolute_change":0.8461538462,
        "mean_of_mean_gradient":0.0009539145,
        "max_of_max_gradient":0.0917967358,
        "skewness":-2.6389345659,
        "kurtosis":9.2422719357,
        "mean_gradient":0.002000672,
        "max_gradient":0.0091939277
    },
    {
        "absolute_time_point":1.5272727273,
        "absolute_change":0.8461538462,
        "mean_of_mean_gradient":0.0009539145,
        "max_of_max_gradient":0.0917967358,
        "skewness":-2.6389345659,
        "kurtosis":9.2422719357,
        "mean_gradient":0.0018123136,
        "max_gradient":0.0063430974
    },
    {
        "absolute_time_point":1.5272727273,
        "absolute_change":0.8461538462,
        "mean_of_mean_gradient":0.0009539145,
        "max_of_max_gradient":0.0917967358,
        "skewness":-2.6389345659,
        "kurtosis":9.2422719357,
        "mean_gradient":0.0,
        "max_gradient":0.0
    },
    {
        "absolute_time_point":1.5272727273,
        "absolute_change":0.8461538462,
        "mean_of_mean_gradient":0.0009539145,
        "max_of_max_gradient":0.0917967358,
        "skewness":-2.6389345659,
        "kurtosis":9.2422719357,
        "mean_gradient":0.0,
        "max_gradient":0.0
    },
    {
        "absolute_time_point":1.5272727273,
        "absolute_change":0.8461538462,
        "mean_of_mean_gradient":0.0009539145,
        "max_of_max_gradient":0.0917967358,
        "skewness":-2.6389345659,
        "kurtosis":9.2422719357,
        "mean_gradient":0.001603592,
        "max_gradient":0.0064143682
    },
    {
        "absolute_time_point":1.5272727273,
        "absolute_change":0.8461538462,
        "mean_of_mean_gradient":0.0009539145,
        "max_of_max_gradient":0.0917967358,
        "skewness":-2.6389345659,
        "kurtosis":9.2422719357,
        "mean_gradient":0.001041345,
        "max_gradient":0.0036348086
    },
    {
        "absolute_time_point":1.5272727273,
        "absolute_change":0.8461538462,
        "mean_of_mean_gradient":0.0009539145,
        "max_of_max_gradient":0.0917967358,
        "skewness":-2.6389345659,
        "kurtosis":9.2422719357,
        "mean_gradient":0.0011046967,
        "max_gradient":0.004418787
    },
    {
        "absolute_time_point":1.5272727273,
        "absolute_change":0.8461538462,
        "mean_of_mean_gradient":0.0009539145,
        "max_of_max_gradient":0.0917967358,
        "skewness":-2.6389345659,
        "kurtosis":9.2422719357,
        "mean_gradient":0.0013439629,
        "max_gradient":0.00470387
    },
    {
        "absolute_time_point":1.5272727273,
        "absolute_change":0.8461538462,
        "mean_of_mean_gradient":0.0009539145,
        "max_of_max_gradient":0.0917967358,
        "skewness":-2.6389345659,
        "kurtosis":9.2422719357,
        "mean_gradient":0.0002138123,
        "max_gradient":0.0009977906
    },
    {
        "absolute_time_point":1.5272727273,
        "absolute_change":0.8461538462,
        "mean_of_mean_gradient":0.0009539145,
        "max_of_max_gradient":0.0917967358,
        "skewness":-2.6389345659,
        "kurtosis":9.2422719357,
        "mean_gradient":0.0005599845,
        "max_gradient":0.0022806642
    },
    {
        "absolute_time_point":1.5272727273,
        "absolute_change":0.8461538462,
        "mean_of_mean_gradient":0.0009539145,
        "max_of_max_gradient":0.0917967358,
        "skewness":-2.6389345659,
        "kurtosis":9.2422719357,
        "mean_gradient":0.0007839783,
        "max_gradient":0.0037060794
    },
    {
        "absolute_time_point":1.5272727273,
        "absolute_change":0.8461538462,
        "mean_of_mean_gradient":0.0009539145,
        "max_of_max_gradient":0.0917967358,
        "skewness":-2.6389345659,
        "kurtosis":9.2422719357,
        "mean_gradient":0.0039062441,
        "max_gradient":0.0917967358
    },
    {
        "absolute_time_point":1.5272727273,
        "absolute_change":0.8461538462,
        "mean_of_mean_gradient":0.0009539145,
        "max_of_max_gradient":0.0917967358,
        "skewness":-2.6389345659,
        "kurtosis":9.2422719357,
        "mean_gradient":0.0,
        "max_gradient":0.0
    }
]