[
    {
        "absolute_time_point":1.8592964824,
        "absolute_change":0.77734375,
        "mean_of_mean_gradient":0.0028699923,
        "max_of_max_gradient":0.0562482934,
        "skewness":-1.1053222166,
        "kurtosis":0.350588635,
        "mean_gradient":0.0182618419,
        "max_gradient":0.0556111768
    },
    {
        "absolute_time_point":1.8592964824,
        "absolute_change":0.77734375,
        "mean_of_mean_gradient":0.0028699923,
        "max_of_max_gradient":0.0562482934,
        "skewness":-1.1053222166,
        "kurtosis":0.350588635,
        "mean_gradient":0.0120532057,
        "max_gradient":0.0562482934
    },
    {
        "absolute_time_point":1.8592964824,
        "absolute_change":0.77734375,
        "mean_of_mean_gradient":0.0028699923,
        "max_of_max_gradient":0.0562482934,
        "skewness":-1.1053222166,
        "kurtosis":0.350588635,
        "mean_gradient":0.0032765996,
        "max_gradient":0.0152907982
    },
    {
        "absolute_time_point":1.8592964824,
        "absolute_change":0.77734375,
        "mean_of_mean_gradient":0.0028699923,
        "max_of_max_gradient":0.0562482934,
        "skewness":-1.1053222166,
        "kurtosis":0.350588635,
        "mean_gradient":0.008464549,
        "max_gradient":0.0282151634
    },
    {
        "absolute_time_point":1.8592964824,
        "absolute_change":0.77734375,
        "mean_of_mean_gradient":0.0028699923,
        "max_of_max_gradient":0.0562482934,
        "skewness":-1.1053222166,
        "kurtosis":0.350588635,
        "mean_gradient":0.0079184491,
        "max_gradient":0.0316737963
    },
    {
        "absolute_time_point":1.8592964824,
        "absolute_change":0.77734375,
        "mean_of_mean_gradient":0.0028699923,
        "max_of_max_gradient":0.0562482934,
        "skewness":-1.1053222166,
        "kurtosis":0.350588635,
        "mean_gradient":0.0054609994,
        "max_gradient":0.0218439975
    },
    {
        "absolute_time_point":1.8592964824,
        "absolute_change":0.77734375,
        "mean_of_mean_gradient":0.0028699923,
        "max_of_max_gradient":0.0562482934,
        "skewness":-1.1053222166,
        "kurtosis":0.350588635,
        "mean_gradient":0.0026784902,
        "max_gradient":0.0093747156
    },
    {
        "absolute_time_point":1.8592964824,
        "absolute_change":0.77734375,
        "mean_of_mean_gradient":0.0028699923,
        "max_of_max_gradient":0.0562482934,
        "skewness":-1.1053222166,
        "kurtosis":0.350588635,
        "mean_gradient":0.0064621826,
        "max_gradient":0.0231182306
    },
    {
        "absolute_time_point":1.8592964824,
        "absolute_change":0.77734375,
        "mean_of_mean_gradient":0.0028699923,
        "max_of_max_gradient":0.0562482934,
        "skewness":-1.1053222166,
        "kurtosis":0.350588635,
        "mean_gradient":0.0057416341,
        "max_gradient":0.022481114
    },
    {
        "absolute_time_point":1.8592964824,
        "absolute_change":0.77734375,
        "mean_of_mean_gradient":0.0028699923,
        "max_of_max_gradient":0.0562482934,
        "skewness":-1.1053222166,
        "kurtosis":0.350588635,
        "mean_gradient":0.0056430327,
        "max_gradient":0.0220260308
    },
    {
        "absolute_time_point":1.8592964824,
        "absolute_change":0.77734375,
        "mean_of_mean_gradient":0.0028699923,
        "max_of_max_gradient":0.0562482934,
        "skewness":-1.1053222166,
        "kurtosis":0.350588635,
        "mean_gradient":0.0055216771,
        "max_gradient":0.0248475471
    },
    {
        "absolute_time_point":1.8592964824,
        "absolute_change":0.77734375,
        "mean_of_mean_gradient":0.0028699923,
        "max_of_max_gradient":0.0562482934,
        "skewness":-1.1053222166,
        "kurtosis":0.350588635,
        "mean_gradient":0.0039592245,
        "max_gradient":0.0211158642
    },
    {
        "absolute_time_point":1.8592964824,
        "absolute_change":0.77734375,
        "mean_of_mean_gradient":0.0028699923,
        "max_of_max_gradient":0.0562482934,
        "skewness":-1.1053222166,
        "kurtosis":0.350588635,
        "mean_gradient":0.0017930281,
        "max_gradient":0.0089651406
    },
    {
        "absolute_time_point":1.8592964824,
        "absolute_change":0.77734375,
        "mean_of_mean_gradient":0.0028699923,
        "max_of_max_gradient":0.0562482934,
        "skewness":-1.1053222166,
        "kurtosis":0.350588635,
        "mean_gradient":0.003562652,
        "max_gradient":0.0124692819
    },
    {
        "absolute_time_point":1.8592964824,
        "absolute_change":0.77734375,
        "mean_of_mean_gradient":0.0028699923,
        "max_of_max_gradient":0.0562482934,
        "skewness":-1.1053222166,
        "kurtosis":0.350588635,
        "mean_gradient":0.0082500098,
        "max_gradient":0.0290343133
    },
    {
        "absolute_time_point":1.8592964824,
        "absolute_change":0.77734375,
        "mean_of_mean_gradient":0.0028699923,
        "max_of_max_gradient":0.0562482934,
        "skewness":-1.1053222166,
        "kurtosis":0.350588635,
        "mean_gradient":0.0061663784,
        "max_gradient":0.0246655138
    },
    {
        "absolute_time_point":1.8592964824,
        "absolute_change":0.77734375,
        "mean_of_mean_gradient":0.0028699923,
        "max_of_max_gradient":0.0562482934,
        "skewness":-1.1053222166,
        "kurtosis":0.350588635,
        "mean_gradient":0.0048758923,
        "max_gradient":0.022754164
    },
    {
        "absolute_time_point":1.8592964824,
        "absolute_change":0.77734375,
        "mean_of_mean_gradient":0.0028699923,
        "max_of_max_gradient":0.0562482934,
        "skewness":-1.1053222166,
        "kurtosis":0.350588635,
        "mean_gradient":0.004573587,
        "max_gradient":0.0182943479
    },
    {
        "absolute_time_point":1.8592964824,
        "absolute_change":0.77734375,
        "mean_of_mean_gradient":0.0028699923,
        "max_of_max_gradient":0.0562482934,
        "skewness":-1.1053222166,
        "kurtosis":0.350588635,
        "mean_gradient":0.0060344043,
        "max_gradient":0.020114681
    },
    {
        "absolute_time_point":1.8592964824,
        "absolute_change":0.77734375,
        "mean_of_mean_gradient":0.0028699923,
        "max_of_max_gradient":0.0562482934,
        "skewness":-1.1053222166,
        "kurtosis":0.350588635,
        "mean_gradient":0.0,
        "max_gradient":0.0
    },
    {
        "absolute_time_point":1.8592964824,
        "absolute_change":0.77734375,
        "mean_of_mean_gradient":0.0028699923,
        "max_of_max_gradient":0.0562482934,
        "skewness":-1.1053222166,
        "kurtosis":0.350588635,
        "mean_gradient":0.0021009678,
        "max_gradient":0.0068262492
    },
    {
        "absolute_time_point":1.8592964824,
        "absolute_change":0.77734375,
        "mean_of_mean_gradient":0.0028699923,
        "max_of_max_gradient":0.0562482934,
        "skewness":-1.1053222166,
        "kurtosis":0.350588635,
        "mean_gradient":0.0014663795,
        "max_gradient":0.0047328661
    },
    {
        "absolute_time_point":1.8592964824,
        "absolute_change":0.77734375,
        "mean_of_mean_gradient":0.0028699923,
        "max_of_max_gradient":0.0562482934,
        "skewness":-1.1053222166,
        "kurtosis":0.350588635,
        "mean_gradient":0.0009361713,
        "max_gradient":0.0043687995
    },
    {
        "absolute_time_point":1.8592964824,
        "absolute_change":0.77734375,
        "mean_of_mean_gradient":0.0028699923,
        "max_of_max_gradient":0.0562482934,
        "skewness":-1.1053222166,
        "kurtosis":0.350588635,
        "mean_gradient":0.0015700373,
        "max_gradient":0.0047328661
    },
    {
        "absolute_time_point":1.8592964824,
        "absolute_change":0.77734375,
        "mean_of_mean_gradient":0.0028699923,
        "max_of_max_gradient":0.0562482934,
        "skewness":-1.1053222166,
        "kurtosis":0.350588635,
        "mean_gradient":0.0005460999,
        "max_gradient":0.0021843997
    },
    {
        "absolute_time_point":1.8592964824,
        "absolute_change":0.77734375,
        "mean_of_mean_gradient":0.0028699923,
        "max_of_max_gradient":0.0562482934,
        "skewness":-1.1053222166,
        "kurtosis":0.350588635,
        "mean_gradient":0.0007622645,
        "max_gradient":0.003049058
    },
    {
        "absolute_time_point":1.8592964824,
        "absolute_change":0.77734375,
        "mean_of_mean_gradient":0.0028699923,
        "max_of_max_gradient":0.0562482934,
        "skewness":-1.1053222166,
        "kurtosis":0.350588635,
        "mean_gradient":0.0062931516,
        "max_gradient":0.0243924638
    },
    {
        "absolute_time_point":1.8592964824,
        "absolute_change":0.77734375,
        "mean_of_mean_gradient":0.0028699923,
        "max_of_max_gradient":0.0562482934,
        "skewness":-1.1053222166,
        "kurtosis":0.350588635,
        "mean_gradient":0.0,
        "max_gradient":0.0
    },
    {
        "absolute_time_point":1.8592964824,
        "absolute_change":0.77734375,
        "mean_of_mean_gradient":0.0028699923,
        "max_of_max_gradient":0.0562482934,
        "skewness":-1.1053222166,
        "kurtosis":0.350588635,
        "mean_gradient":0.0003792361,
        "max_gradient":0.0011377082
    },
    {
        "absolute_time_point":1.8592964824,
        "absolute_change":0.77734375,
        "mean_of_mean_gradient":0.0028699923,
        "max_of_max_gradient":0.0562482934,
        "skewness":-1.1053222166,
        "kurtosis":0.350588635,
        "mean_gradient":0.0020114681,
        "max_gradient":0.0100573405
    },
    {
        "absolute_time_point":1.8592964824,
        "absolute_change":0.77734375,
        "mean_of_mean_gradient":0.0028699923,
        "max_of_max_gradient":0.0562482934,
        "skewness":-1.1053222166,
        "kurtosis":0.350588635,
        "mean_gradient":0.0019164063,
        "max_gradient":0.005825066
    },
    {
        "absolute_time_point":1.8592964824,
        "absolute_change":0.77734375,
        "mean_of_mean_gradient":0.0028699923,
        "max_of_max_gradient":0.0562482934,
        "skewness":-1.1053222166,
        "kurtosis":0.350588635,
        "mean_gradient":0.0013652498,
        "max_gradient":0.0040047329
    },
    {
        "absolute_time_point":1.8592964824,
        "absolute_change":0.77734375,
        "mean_of_mean_gradient":0.0028699923,
        "max_of_max_gradient":0.0562482934,
        "skewness":-1.1053222166,
        "kurtosis":0.350588635,
        "mean_gradient":0.0002275416,
        "max_gradient":0.0006371166
    },
    {
        "absolute_time_point":1.8592964824,
        "absolute_change":0.77734375,
        "mean_of_mean_gradient":0.0028699923,
        "max_of_max_gradient":0.0562482934,
        "skewness":-1.1053222166,
        "kurtosis":0.350588635,
        "mean_gradient":0.000756576,
        "max_gradient":0.0017293165
    },
    {
        "absolute_time_point":1.8592964824,
        "absolute_change":0.77734375,
        "mean_of_mean_gradient":0.0028699923,
        "max_of_max_gradient":0.0562482934,
        "skewness":-1.1053222166,
        "kurtosis":0.350588635,
        "mean_gradient":0.0014158146,
        "max_gradient":0.0063711659
    },
    {
        "absolute_time_point":1.8592964824,
        "absolute_change":0.77734375,
        "mean_of_mean_gradient":0.0028699923,
        "max_of_max_gradient":0.0562482934,
        "skewness":-1.1053222166,
        "kurtosis":0.350588635,
        "mean_gradient":0.0017444859,
        "max_gradient":0.0030945663
    },
    {
        "absolute_time_point":1.8592964824,
        "absolute_change":0.77734375,
        "mean_of_mean_gradient":0.0028699923,
        "max_of_max_gradient":0.0562482934,
        "skewness":-1.1053222166,
        "kurtosis":0.350588635,
        "mean_gradient":0.0017423188,
        "max_gradient":0.0049148994
    },
    {
        "absolute_time_point":1.8592964824,
        "absolute_change":0.77734375,
        "mean_of_mean_gradient":0.0028699923,
        "max_of_max_gradient":0.0562482934,
        "skewness":-1.1053222166,
        "kurtosis":0.350588635,
        "mean_gradient":0.0011073693,
        "max_gradient":0.0033221079
    },
    {
        "absolute_time_point":1.8592964824,
        "absolute_change":0.77734375,
        "mean_of_mean_gradient":0.0028699923,
        "max_of_max_gradient":0.0562482934,
        "skewness":-1.1053222166,
        "kurtosis":0.350588635,
        "mean_gradient":0.0005612694,
        "max_gradient":0.0016838081
    },
    {
        "absolute_time_point":1.8592964824,
        "absolute_change":0.77734375,
        "mean_of_mean_gradient":0.0028699923,
        "max_of_max_gradient":0.0562482934,
        "skewness":-1.1053222166,
        "kurtosis":0.350588635,
        "mean_gradient":0.0025211614,
        "max_gradient":0.005688541
    },
    {
        "absolute_time_point":1.8592964824,
        "absolute_change":0.77734375,
        "mean_of_mean_gradient":0.0028699923,
        "max_of_max_gradient":0.0562482934,
        "skewness":-1.1053222166,
        "kurtosis":0.350588635,
        "mean_gradient":0.0008039805,
        "max_gradient":0.0024119414
    },
    {
        "absolute_time_point":1.8592964824,
        "absolute_change":0.77734375,
        "mean_of_mean_gradient":0.0028699923,
        "max_of_max_gradient":0.0562482934,
        "skewness":-1.1053222166,
        "kurtosis":0.350588635,
        "mean_gradient":0.0014692689,
        "max_gradient":0.0032765996
    },
    {
        "absolute_time_point":1.8592964824,
        "absolute_change":0.77734375,
        "mean_of_mean_gradient":0.0028699923,
        "max_of_max_gradient":0.0562482934,
        "skewness":-1.1053222166,
        "kurtosis":0.350588635,
        "mean_gradient":0.0002340428,
        "max_gradient":0.0008191499
    },
    {
        "absolute_time_point":1.8592964824,
        "absolute_change":0.77734375,
        "mean_of_mean_gradient":0.0028699923,
        "max_of_max_gradient":0.0562482934,
        "skewness":-1.1053222166,
        "kurtosis":0.350588635,
        "mean_gradient":0.0009442978,
        "max_gradient":0.0023664331
    },
    {
        "absolute_time_point":1.8592964824,
        "absolute_change":0.77734375,
        "mean_of_mean_gradient":0.0028699923,
        "max_of_max_gradient":0.0562482934,
        "skewness":-1.1053222166,
        "kurtosis":0.350588635,
        "mean_gradient":0.0005562129,
        "max_gradient":0.0014107582
    },
    {
        "absolute_time_point":1.8592964824,
        "absolute_change":0.77734375,
        "mean_of_mean_gradient":0.0028699923,
        "max_of_max_gradient":0.0562482934,
        "skewness":-1.1053222166,
        "kurtosis":0.350588635,
        "mean_gradient":0.0006040196,
        "max_gradient":0.0024574497
    },
    {
        "absolute_time_point":1.8592964824,
        "absolute_change":0.77734375,
        "mean_of_mean_gradient":0.0028699923,
        "max_of_max_gradient":0.0562482934,
        "skewness":-1.1053222166,
        "kurtosis":0.350588635,
        "mean_gradient":0.0,
        "max_gradient":0.0
    },
    {
        "absolute_time_point":1.8592964824,
        "absolute_change":0.77734375,
        "mean_of_mean_gradient":0.0028699923,
        "max_of_max_gradient":0.0562482934,
        "skewness":-1.1053222166,
        "kurtosis":0.350588635,
        "mean_gradient":0.0001724526,
        "max_gradient":0.0016382998
    },
    {
        "absolute_time_point":1.8592964824,
        "absolute_change":0.77734375,
        "mean_of_mean_gradient":0.0028699923,
        "max_of_max_gradient":0.0562482934,
        "skewness":-1.1053222166,
        "kurtosis":0.350588635,
        "mean_gradient":0.0007635286,
        "max_gradient":0.0028215163
    },
    {
        "absolute_time_point":1.8592964824,
        "absolute_change":0.77734375,
        "mean_of_mean_gradient":0.0028699923,
        "max_of_max_gradient":0.0562482934,
        "skewness":-1.1053222166,
        "kurtosis":0.350588635,
        "mean_gradient":0.000377069,
        "max_gradient":0.0012742332
    },
    {
        "absolute_time_point":1.8592964824,
        "absolute_change":0.77734375,
        "mean_of_mean_gradient":0.0028699923,
        "max_of_max_gradient":0.0562482934,
        "skewness":-1.1053222166,
        "kurtosis":0.350588635,
        "mean_gradient":0.0006775684,
        "max_gradient":0.003049058
    },
    {
        "absolute_time_point":1.8592964824,
        "absolute_change":0.77734375,
        "mean_of_mean_gradient":0.0028699923,
        "max_of_max_gradient":0.0562482934,
        "skewness":-1.1053222166,
        "kurtosis":0.350588635,
        "mean_gradient":0.0022223234,
        "max_gradient":0.0065987076
    },
    {
        "absolute_time_point":1.8592964824,
        "absolute_change":0.77734375,
        "mean_of_mean_gradient":0.0028699923,
        "max_of_max_gradient":0.0562482934,
        "skewness":-1.1053222166,
        "kurtosis":0.350588635,
        "mean_gradient":0.0017748248,
        "max_gradient":0.0057795577
    },
    {
        "absolute_time_point":1.8592964824,
        "absolute_change":0.77734375,
        "mean_of_mean_gradient":0.0028699923,
        "max_of_max_gradient":0.0562482934,
        "skewness":-1.1053222166,
        "kurtosis":0.350588635,
        "mean_gradient":0.0012969873,
        "max_gradient":0.0039592245
    },
    {
        "absolute_time_point":1.8592964824,
        "absolute_change":0.77734375,
        "mean_of_mean_gradient":0.0028699923,
        "max_of_max_gradient":0.0562482934,
        "skewness":-1.1053222166,
        "kurtosis":0.350588635,
        "mean_gradient":0.0006780741,
        "max_gradient":0.002639483
    },
    {
        "absolute_time_point":1.8592964824,
        "absolute_change":0.77734375,
        "mean_of_mean_gradient":0.0028699923,
        "max_of_max_gradient":0.0562482934,
        "skewness":-1.1053222166,
        "kurtosis":0.350588635,
        "mean_gradient":0.0008931009,
        "max_gradient":0.0030035496
    },
    {
        "absolute_time_point":1.8592964824,
        "absolute_change":0.77734375,
        "mean_of_mean_gradient":0.0028699923,
        "max_of_max_gradient":0.0562482934,
        "skewness":-1.1053222166,
        "kurtosis":0.350588635,
        "mean_gradient":0.0,
        "max_gradient":0.0
    }
]