[
    {
        "absolute_time_point":2.4358974359,
        "absolute_change":0.829787234,
        "mean_of_mean_gradient":0.0003716711,
        "max_of_max_gradient":0.00308888,
        "skewness":-2.2373533551,
        "kurtosis":3.7689396263,
        "mean_gradient":0.0004284576,
        "max_gradient":0.0028563837
    },
    {
        "absolute_time_point":2.4358974359,
        "absolute_change":0.829787234,
        "mean_of_mean_gradient":0.0003716711,
        "max_of_max_gradient":0.00308888,
        "skewness":-2.2373533551,
        "kurtosis":3.7689396263,
        "mean_gradient":0.0002241929,
        "max_gradient":0.0006310615
    },
    {
        "absolute_time_point":2.4358974359,
        "absolute_change":0.829787234,
        "mean_of_mean_gradient":0.0003716711,
        "max_of_max_gradient":0.00308888,
        "skewness":-2.2373533551,
        "kurtosis":3.7689396263,
        "mean_gradient":0.0005616146,
        "max_gradient":0.00308888
    },
    {
        "absolute_time_point":2.4358974359,
        "absolute_change":0.829787234,
        "mean_of_mean_gradient":0.0003716711,
        "max_of_max_gradient":0.00308888,
        "skewness":-2.2373533551,
        "kurtosis":3.7689396263,
        "mean_gradient":0.0008178889,
        "max_gradient":0.0020592534
    },
    {
        "absolute_time_point":2.4358974359,
        "absolute_change":0.829787234,
        "mean_of_mean_gradient":0.0003716711,
        "max_of_max_gradient":0.00308888,
        "skewness":-2.2373533551,
        "kurtosis":3.7689396263,
        "mean_gradient":0.0007140959,
        "max_gradient":0.0027899562
    },
    {
        "absolute_time_point":2.4358974359,
        "absolute_change":0.829787234,
        "mean_of_mean_gradient":0.0003716711,
        "max_of_max_gradient":0.00308888,
        "skewness":-2.2373533551,
        "kurtosis":3.7689396263,
        "mean_gradient":0.000053142,
        "max_gradient":0.0002657101
    },
    {
        "absolute_time_point":2.4358974359,
        "absolute_change":0.829787234,
        "mean_of_mean_gradient":0.0003716711,
        "max_of_max_gradient":0.00308888,
        "skewness":-2.2373533551,
        "kurtosis":3.7689396263,
        "mean_gradient":0.0001739769,
        "max_gradient":0.0014946194
    },
    {
        "absolute_time_point":2.4358974359,
        "absolute_change":0.829787234,
        "mean_of_mean_gradient":0.0003716711,
        "max_of_max_gradient":0.00308888,
        "skewness":-2.2373533551,
        "kurtosis":3.7689396263,
        "mean_gradient":0.0,
        "max_gradient":0.0
    }
]