[
    {
        "absolute_time_point":2.2592592593,
        "absolute_change":0.9,
        "mean_of_mean_gradient":0.0016103309,
        "max_of_max_gradient":0.2516728117,
        "skewness":-0.9737366782,
        "kurtosis":-0.4884488621,
        "mean_gradient":0.0096619851,
        "max_gradient":0.2516728117
    },
    {
        "absolute_time_point":2.2592592593,
        "absolute_change":0.9,
        "mean_of_mean_gradient":0.0016103309,
        "max_of_max_gradient":0.2516728117,
        "skewness":-0.9737366782,
        "kurtosis":-0.4884488621,
        "mean_gradient":0.0,
        "max_gradient":0.0
    },
    {
        "absolute_time_point":2.2592592593,
        "absolute_change":0.9,
        "mean_of_mean_gradient":0.0016103309,
        "max_of_max_gradient":0.2516728117,
        "skewness":-0.9737366782,
        "kurtosis":-0.4884488621,
        "mean_gradient":0.0,
        "max_gradient":0.0
    },
    {
        "absolute_time_point":2.2592592593,
        "absolute_change":0.9,
        "mean_of_mean_gradient":0.0016103309,
        "max_of_max_gradient":0.2516728117,
        "skewness":-0.9737366782,
        "kurtosis":-0.4884488621,
        "mean_gradient":0.0,
        "max_gradient":0.0
    },
    {
        "absolute_time_point":2.2592592593,
        "absolute_change":0.9,
        "mean_of_mean_gradient":0.0016103309,
        "max_of_max_gradient":0.2516728117,
        "skewness":-0.9737366782,
        "kurtosis":-0.4884488621,
        "mean_gradient":0.0,
        "max_gradient":0.0
    },
    {
        "absolute_time_point":2.2592592593,
        "absolute_change":0.9,
        "mean_of_mean_gradient":0.0016103309,
        "max_of_max_gradient":0.2516728117,
        "skewness":-0.9737366782,
        "kurtosis":-0.4884488621,
        "mean_gradient":0.0,
        "max_gradient":0.0
    }
]