[
    {
        "absolute_time_point":3.2222222222,
        "absolute_change":0.8571428571,
        "mean_of_mean_gradient":0.0023369515,
        "max_of_max_gradient":0.0159875025,
        "skewness":-1.0384582113,
        "kurtosis":-0.3152337549,
        "mean_gradient":0.0049643403,
        "max_gradient":0.0159875025
    },
    {
        "absolute_time_point":3.2222222222,
        "absolute_change":0.8571428571,
        "mean_of_mean_gradient":0.0023369515,
        "max_of_max_gradient":0.0159875025,
        "skewness":-1.0384582113,
        "kurtosis":-0.3152337549,
        "mean_gradient":0.0020465143,
        "max_gradient":0.0056172306
    },
    {
        "absolute_time_point":3.2222222222,
        "absolute_change":0.8571428571,
        "mean_of_mean_gradient":0.0023369515,
        "max_of_max_gradient":0.0159875025,
        "skewness":-1.0384582113,
        "kurtosis":-0.3152337549,
        "mean_gradient":0.0,
        "max_gradient":0.0
    }
]