[
    {
        "absolute_time_point":2.3095238095,
        "absolute_change":0.8571428571,
        "mean_of_mean_gradient":0.0007439869,
        "max_of_max_gradient":0.0106521174,
        "skewness":-4.1890245492,
        "kurtosis":17.4892389802,
        "mean_gradient":0.0007989088,
        "max_gradient":0.0106521174
    },
    {
        "absolute_time_point":2.3095238095,
        "absolute_change":0.8571428571,
        "mean_of_mean_gradient":0.0007439869,
        "max_of_max_gradient":0.0106521174,
        "skewness":-4.1890245492,
        "kurtosis":17.4892389802,
        "mean_gradient":0.0011799602,
        "max_gradient":0.0068849052
    },
    {
        "absolute_time_point":2.3095238095,
        "absolute_change":0.8571428571,
        "mean_of_mean_gradient":0.0007439869,
        "max_of_max_gradient":0.0106521174,
        "skewness":-4.1890245492,
        "kurtosis":17.4892389802,
        "mean_gradient":0.0,
        "max_gradient":0.0
    },
    {
        "absolute_time_point":2.3095238095,
        "absolute_change":0.8571428571,
        "mean_of_mean_gradient":0.0007439869,
        "max_of_max_gradient":0.0106521174,
        "skewness":-4.1890245492,
        "kurtosis":17.4892389802,
        "mean_gradient":0.0008907694,
        "max_gradient":0.0031176929
    },
    {
        "absolute_time_point":2.3095238095,
        "absolute_change":0.8571428571,
        "mean_of_mean_gradient":0.0007439869,
        "max_of_max_gradient":0.0106521174,
        "skewness":-4.1890245492,
        "kurtosis":17.4892389802,
        "mean_gradient":0.0023382697,
        "max_gradient":0.0101325019
    },
    {
        "absolute_time_point":2.3095238095,
        "absolute_change":0.8571428571,
        "mean_of_mean_gradient":0.0007439869,
        "max_of_max_gradient":0.0106521174,
        "skewness":-4.1890245492,
        "kurtosis":17.4892389802,
        "mean_gradient":0.0,
        "max_gradient":0.0
    },
    {
        "absolute_time_point":2.3095238095,
        "absolute_change":0.8571428571,
        "mean_of_mean_gradient":0.0007439869,
        "max_of_max_gradient":0.0106521174,
        "skewness":-4.1890245492,
        "kurtosis":17.4892389802,
        "mean_gradient":0.0,
        "max_gradient":0.0
    }
]