[
    {
        "absolute_time_point":1.8484848485,
        "absolute_change":0.8461538462,
        "mean_of_mean_gradient":0.0007867547,
        "max_of_max_gradient":0.011130137,
        "skewness":-2.4443949459,
        "kurtosis":4.8693585615,
        "mean_gradient":0.0,
        "max_gradient":0.0
    },
    {
        "absolute_time_point":1.8484848485,
        "absolute_change":0.8461538462,
        "mean_of_mean_gradient":0.0007867547,
        "max_of_max_gradient":0.011130137,
        "skewness":-2.4443949459,
        "kurtosis":4.8693585615,
        "mean_gradient":0.0021332763,
        "max_gradient":0.0053510274
    },
    {
        "absolute_time_point":1.8484848485,
        "absolute_change":0.8461538462,
        "mean_of_mean_gradient":0.0007867547,
        "max_of_max_gradient":0.011130137,
        "skewness":-2.4443949459,
        "kurtosis":4.8693585615,
        "mean_gradient":0.0011515411,
        "max_gradient":0.0069349315
    },
    {
        "absolute_time_point":1.8484848485,
        "absolute_change":0.8461538462,
        "mean_of_mean_gradient":0.0007867547,
        "max_of_max_gradient":0.011130137,
        "skewness":-2.4443949459,
        "kurtosis":4.8693585615,
        "mean_gradient":0.0020976027,
        "max_gradient":0.011130137
    },
    {
        "absolute_time_point":1.8484848485,
        "absolute_change":0.8461538462,
        "mean_of_mean_gradient":0.0007867547,
        "max_of_max_gradient":0.011130137,
        "skewness":-2.4443949459,
        "kurtosis":4.8693585615,
        "mean_gradient":0.0,
        "max_gradient":0.0
    },
    {
        "absolute_time_point":1.8484848485,
        "absolute_change":0.8461538462,
        "mean_of_mean_gradient":0.0007867547,
        "max_of_max_gradient":0.011130137,
        "skewness":-2.4443949459,
        "kurtosis":4.8693585615,
        "mean_gradient":0.0006382316,
        "max_gradient":0.002739726
    },
    {
        "absolute_time_point":1.8484848485,
        "absolute_change":0.8461538462,
        "mean_of_mean_gradient":0.0007867547,
        "max_of_max_gradient":0.011130137,
        "skewness":-2.4443949459,
        "kurtosis":4.8693585615,
        "mean_gradient":0.0007895738,
        "max_gradient":0.0035530822
    },
    {
        "absolute_time_point":1.8484848485,
        "absolute_change":0.8461538462,
        "mean_of_mean_gradient":0.0007867547,
        "max_of_max_gradient":0.011130137,
        "skewness":-2.4443949459,
        "kurtosis":4.8693585615,
        "mean_gradient":0.0,
        "max_gradient":0.0
    },
    {
        "absolute_time_point":1.8484848485,
        "absolute_change":0.8461538462,
        "mean_of_mean_gradient":0.0007867547,
        "max_of_max_gradient":0.011130137,
        "skewness":-2.4443949459,
        "kurtosis":4.8693585615,
        "mean_gradient":0.001364512,
        "max_gradient":0.0048373288
    },
    {
        "absolute_time_point":1.8484848485,
        "absolute_change":0.8461538462,
        "mean_of_mean_gradient":0.0007867547,
        "max_of_max_gradient":0.011130137,
        "skewness":-2.4443949459,
        "kurtosis":4.8693585615,
        "mean_gradient":0.0003377093,
        "max_gradient":0.0014982877
    },
    {
        "absolute_time_point":1.8484848485,
        "absolute_change":0.8461538462,
        "mean_of_mean_gradient":0.0007867547,
        "max_of_max_gradient":0.011130137,
        "skewness":-2.4443949459,
        "kurtosis":4.8693585615,
        "mean_gradient":0.0009286091,
        "max_gradient":0.0044520548
    },
    {
        "absolute_time_point":1.8484848485,
        "absolute_change":0.8461538462,
        "mean_of_mean_gradient":0.0007867547,
        "max_of_max_gradient":0.011130137,
        "skewness":-2.4443949459,
        "kurtosis":4.8693585615,
        "mean_gradient":0.0,
        "max_gradient":0.0
    }
]